Barcode,Navin's annotations
AAACGAGACGGTTGAT-1,
AAACTGCTGGCTCCAA-1,Mucinous adenocarcinoma_lepidic
AAAGGGATGTAGCAAG-1,Mucinous adenocarcinoma_lepidic
AAATAACCATACGGGA-1,Mucinous adenocarcinoma_lepidic
AAATACCTATAAGCAT-1,Mucinous adenocarcinoma_lepidic
AAATAGGGTGCTATTG-1,Mucinous adenocarcinoma_lepidic
AAATCGTGTACCACAA-1,Mucinous adenocarcinoma_lepidic
AAATGGTCAATGTGCC-1,Mucinous adenocarcinoma_lepidic
AAATTAACGGGTAGCT-1,
AAATTACACGACTCTG-1,Mucinous adenocarcinoma_lepidic
AACAACTGGTAGTTGC-1,Mucinous adenocarcinoma_lepidic
AACAGGAAATCGAATA-1,
AACAGGATGGGCCGCG-1,
AACCGAGCTTGGTCAT-1,Non-neoplastic lung
AACCTTTAAATACGGT-1,Mucinous adenocarcinoma_lepidic
AACGATAATGCCGTAG-1,Mucinous adenocarcinoma_lepidic
AACGATATGTCAACTG-1,Immune cells_lymphocytes
AACGCGGTCTCCAGCC-1,Mucinous adenocarcinoma_lepidic
AACGTCAGACTAGTGG-1,
AACGTGCGAAAGTCTC-1,Mucinous adenocarcinoma_lepidic
AACTAGGCTTGGGTGT-1,
AACTCAAGTTAATTGC-1,Mucinous adenocarcinoma_lepidic
AACTGATATTAGGCCT-1,
AACTGGGTCCCGACGT-1,
AACTTGCCCGTATGCA-1,
AAGACTGCAAGCTACT-1,Mucinous adenocarcinoma_lepidic
AAGAGCTCTTTATCGG-1,
AAGAGGCATGGATCGC-1,Mucinous adenocarcinoma_lepidic
AAGCACCCTGCGTATC-1,Mucinous adenocarcinoma_lepidic
AAGCATACTCTCCTGA-1,
AAGCTCGTGCCAAGTC-1,Fibrosis
AAGCTCTTTCATGGTG-1,
AAGGAGCGGTTGGTGC-1,Mucinous adenocarcinoma_lepidic
AAGGCTGTGCTCATCG-1,Mucinous adenocarcinoma_lepidic
AAGGTATCCTAATATA-1,Immune cells_lymphocytes
AAGTAGAAGACCGGGT-1,Non-neoplastic lung
AAGTAGTGACGCGAGG-1,Mucinous adenocarcinoma_lepidic
AAGTGTTTGGAGACGG-1,Mucinous adenocarcinoma_lepidic
AAGTTCACTCCAAGCT-1,
AATAACAACGCTCGGC-1,
AATAGAATCTGTTTCA-1,Fibrosis
AATCGCCTCAGCGCCA-1,Mucinous adenocarcinoma_lepidic
AATGACGTAGGATGTC-1,
AATGACTGTCAGCCGG-1,
AATGATGATACGCTAT-1,
AATGCAACCGGGTACC-1,Mucinous adenocarcinoma_lepidic
AATGCACCAAGCAATG-1,
AATTAAAGGTCGGCGT-1,
AATTAGCGCTGCAGCG-1,
AATTCATAAGGGATCT-1,
AATTCTAGAGTTAGGC-1,
AATTGAACGCTCTGGT-1,Immune cells_lymphocytes
AATTTGGGACATAGTA-1,Immune cells_lymphocytes
ACAAATGGTAGTGTTT-1,Mucinous adenocarcinoma_lepidic
ACAACAGCATGAGCTA-1,
ACAAGGAAATCCGCCC-1,
ACAAGGACAAGAGGTT-1,
ACAAGGGCAGGCTCTG-1,
ACAATCCATTTAAACC-1,Mucinous adenocarcinoma_lepidic
ACAATTTGAGCAGTGG-1,Fibrosis
ACACAAAGACGGGTGG-1,Mucinous adenocarcinoma_lepidic
ACACCCAGCATGCAGC-1,Mucinous adenocarcinoma_lepidic
ACACCTTAAGTAGGGC-1,Mucinous adenocarcinoma_lepidic
ACACGAGACTCCTTCT-1,Mucinous adenocarcinoma_lepidic
ACACGGGAACTTAGGG-1,Non-neoplastic lung
ACAGGCTTGCCCGACT-1,
ACATAATAAGGCGGTG-1,Mucinous adenocarcinoma_lepidic
ACATCCCGGCCATACG-1,
ACATCGATCGTTTACC-1,Mucinous adenocarcinoma_lepidic
ACATCGTATGCAATGG-1,Mucinous adenocarcinoma_lepidic
ACCAAGAACGCGTGTC-1,
ACCAATATGCAAGTTA-1,Mucinous adenocarcinoma_lepidic
ACCACAAGTTTCTATC-1,Mucinous adenocarcinoma_lepidic
ACCACGTGCAGCTATA-1,Mucinous adenocarcinoma_lepidic
ACCATATCCGCAATAA-1,Mucinous adenocarcinoma_lepidic
ACCATCGTATATGGTA-1,
ACCCATCTTGAGGGTA-1,
ACCCGGAAACTCCCAG-1,
ACCCGGTTACACTTCC-1,
ACCCTCCCTTGCTATT-1,Mucinous adenocarcinoma_lepidic
ACCGACTGAGTCCCAC-1,Fibrosis
ACCGCAATAACTGCCT-1,Mucinous adenocarcinoma_lepidic
ACCTAATCGACTTCCT-1,
ACGATACATAGAACTA-1,Immune cells_lymphocytes
ACGATCATACATAGAG-1,Mucinous adenocarcinoma_lepidic
ACGATGCATATGTTAT-1,Mucinous adenocarcinoma_lepidic
ACGCATTCGTGAGTAC-1,Mucinous adenocarcinoma_lepidic
ACGCCAGATGATTTCT-1,
ACGCCGCTAGACGACC-1,Mucinous adenocarcinoma_lepidic
ACGCGCTACACAGGGT-1,
ACGCGGGCCAAGGACA-1,Mucinous adenocarcinoma_lepidic
ACGGACTCTCAAAGCG-1,Fibrosis
ACGGATGGTGCGGATA-1,Mucinous adenocarcinoma_lepidic
ACGGCACTTGCTTGGG-1,
ACGGCGACGATGGGAA-1,
ACGGTCACCGAGAACA-1,
ACGTAGATTGCTGATG-1,Fibrosis
ACGTGCGCCTCGTGCA-1,Mucinous adenocarcinoma_lepidic
ACGTTAATGTCGAAGA-1,Mucinous adenocarcinoma_lepidic
ACGTTAGATTTGCCCG-1,Mucinous adenocarcinoma_lepidic
ACGTTTAGTTGTGATC-1,
ACTACCAGCTCTCTGG-1,Mucinous adenocarcinoma_lepidic
ACTATTCGTCCGTGGT-1,
ACTCAATAAAGGCACG-1,Non-neoplastic lung
ACTCCCTAGAATAGTA-1,
ACTCGTCAGTAATCCC-1,Mucinous adenocarcinoma_lepidic
ACTCTCTGACTTAGGT-1,Mucinous adenocarcinoma_lepidic
ACTCTTGTATAGTAAC-1,Mucinous adenocarcinoma_lepidic
ACTGAATGGCGAAAGT-1,Mucinous adenocarcinoma_lepidic
ACTGCCGTCGTAACTC-1,
ACTGTACGATACACAT-1,Non-neoplastic lung
ACTGTAGCACTTTGGA-1,
ACTGTCCAGGATTATA-1,Mucinous adenocarcinoma_lepidic
ACTGTCTTCTTTAGAA-1,Mucinous adenocarcinoma_lepidic
ACTTACGCATCCACGC-1,Mucinous adenocarcinoma_lepidic
ACTTATTAGGATCGGT-1,Mucinous adenocarcinoma_lepidic
ACTTCAGGCTGATCCC-1,Mucinous adenocarcinoma_lepidic
ACTTCGCCATACGCAC-1,Non-neoplastic lung
ACTTGACTCCCTCTTT-1,Mucinous adenocarcinoma_lepidic
ACTTGGGACCCGGTGG-1,Fibrosis
ACTTTCCTATAGCTTC-1,
AGAACACGGCGATGGT-1,
AGAACGTGGTACATTC-1,Non-neoplastic lung
AGAAGAGCGCCGTTCC-1,Fibrosis
AGAAGGTTGCCGAATT-1,Mucinous adenocarcinoma_lepidic
AGACCCACCGCTGATC-1,
AGACCCGCCCTCCTCG-1,Mucinous adenocarcinoma_lepidic
AGACTAGCCTTCCAGA-1,Mucinous adenocarcinoma_lepidic
AGAGCGGGCTAATCAT-1,
AGATAACTTCAGGGCC-1,
AGATAATCACACCTAT-1,
AGATACCGGTGTTCAC-1,Mucinous adenocarcinoma_lepidic
AGATACTCAAGATCGA-1,Immune cells_lymphocytes
AGATCGTGCATAAGAT-1,
AGATCTCAGGTGTGAT-1,Mucinous adenocarcinoma_lepidic
AGATGACTCGCCCACG-1,
AGATTATAGGACGTTT-1,Mucinous adenocarcinoma_lepidic
AGCAAAGGCCGCTAGT-1,Non-neoplastic lung
AGCACCAGTACTCACG-1,Mucinous adenocarcinoma_lepidic
AGCACTACCTCACCAG-1,
AGCACTTAAGGACGCC-1,
AGCAGAAGGAGAAAGA-1,Non-neoplastic lung
AGCATCGTCGATAATT-1,Mucinous adenocarcinoma_lepidic
AGCCACTCCCGTGCTT-1,
AGCCCTAAGCGAAGTT-1,
AGCGACCAACGATATT-1,Mucinous adenocarcinoma_lepidic
AGCGCGGGTGCCAATG-1,
AGCGTGGTATTCTACT-1,Mucinous adenocarcinoma_lepidic
AGCTAGAAGCAGAAGT-1,
AGCTATTTAATCCAAC-1,
AGCTCCTTCGCACATC-1,Mucinous adenocarcinoma_lepidic
AGCTCTAGACGTTCCA-1,Mucinous adenocarcinoma_lepidic
AGCTCTTCCCAGTGCA-1,
AGCTCTTTACTCAGTT-1,
AGGACAGTCGAATCCC-1,Mucinous adenocarcinoma_lepidic
AGGACGACCCATTAGA-1,
AGGATAAAGTCGGGAT-1,Mucinous adenocarcinoma_lepidic
AGGCCACCCGTTATGA-1,
AGGCTATGGTTAGCTT-1,
AGGGAAACGAGGTACT-1,
AGGGCGTGATCGGCTA-1,Non-neoplastic lung
AGGGCTGCAGTTACAG-1,Mucinous adenocarcinoma_lepidic
AGGGTTTAGTTCGGGA-1,Vasculature
AGGTAGGTACAAAGCT-1,
AGGTTGAGGCACGCTT-1,Non-neoplastic lung
AGGTTTCACACACCTT-1,Mucinous adenocarcinoma_lepidic
AGTACGGGCACCTGGC-1,Immune cells_lymphocytes
AGTCAACACCACCATC-1,
AGTCCCGCCTTTAATT-1,
AGTCGGCCCAAACGAC-1,
AGTCTTCTCCTCAAAT-1,
AGTGACCTACTTTACG-1,
AGTGAGACTTCCAGTA-1,
AGTGATATGAGTAGTT-1,
AGTGCTTGCACGAATA-1,
AGTGGCGGCAATTTGA-1,
AGTGTATTGCGCATTG-1,
AGTTAAACACTTGCGA-1,
AGTTAAGCGGTCCCGG-1,
AGTTACTCTATCGTGG-1,Immune cells_lymphocytes
AGTTCCTACAGAATTA-1,Mucinous adenocarcinoma_lepidic
AGTTCCTATTTATGTT-1,
AGTTTGCACCTGCCTC-1,Mucinous adenocarcinoma_lepidic
ATAAACGGACCCGTAA-1,
ATAAAGGCTCGGTCGT-1,Mucinous adenocarcinoma_lepidic
ATAAATATTAGCAGCT-1,
ATAACGCCGGAGGGTC-1,Mucinous adenocarcinoma_lepidic
ATAACGGAGTCCAACG-1,Non-neoplastic lung
ATAAGGTGGAGAACAT-1,
ATAAGTTACCGCGACG-1,Mucinous adenocarcinoma_lepidic
ATAATAGCTGTTGAAT-1,
ATAATCTTGGAGAACC-1,
ATAATTAGCTAAGTAG-1,
ATACCACGGGCAACTT-1,
ATACGCCGGCGAAACC-1,
ATACGGGTTTCGATTG-1,Immune cells_lymphocytes
ATACTAGCATGACCCT-1,
ATACTGCCTTACACCG-1,
ATAGACGAAGAGAAAG-1,Mucinous adenocarcinoma_lepidic
ATAGAGTACTGGGACA-1,Mucinous adenocarcinoma_lepidic
ATAGGGATATCCTTGA-1,Mucinous adenocarcinoma_lepidic
ATAGGTTGGGCAGATG-1,
ATAGTGAAGCGTTCTC-1,
ATATCTTAGGGCCTTC-1,Mucinous adenocarcinoma_lepidic
ATATTCCACATAGTGA-1,
ATATTTAACCCTCAAG-1,Mucinous adenocarcinoma_lepidic
ATCAATCTGGGCTGCA-1,Fibrosis
ATCACATTAGAATATC-1,Fibrosis
ATCACTTCATCCTCGC-1,Mucinous adenocarcinoma_lepidic
ATCAGTAGGCAGGGAT-1,Immune cells_lymphocytes
ATCATCCAATATTTGT-1,
ATCCACATCGACAGAA-1,Non-neoplastic lung
ATCCAGAGCAACAACC-1,
ATCCAGGATTCGTGAA-1,
ATCCTACCTAAGCTCT-1,Mucinous adenocarcinoma_lepidic
ATCCTGAATCGCTGCG-1,
ATCCTGCGTGGAATGG-1,
ATCGACCCAATACAGA-1,
ATCGACTCTTTCCGTT-1,Mucinous adenocarcinoma_lepidic
ATCGCACGCCGGGAGA-1,Mucinous adenocarcinoma_lepidic
ATCGGAGACAGACGGC-1,Mucinous adenocarcinoma_lepidic
ATCGGCAAGCAGTCCA-1,
ATCTAATATCCTACGG-1,
ATCTCCCTGCAATCTA-1,
ATCTGGGCTGTTCTTG-1,Non-neoplastic lung
ATCTGGTTAAGACTGT-1,Non-neoplastic lung
ATCTTGACCTGCAACG-1,Mucinous adenocarcinoma_lepidic
ATGAAGCCAAGGAGCC-1,
ATGACGCCGGCTCTAA-1,
ATGACTATGCGACATT-1,Fibrosis
ATGATCGGGAATAGAC-1,
ATGATGCAATGGTACA-1,Mucinous adenocarcinoma_lepidic
ATGCACTACCGCATTG-1,Mucinous adenocarcinoma_lepidic
ATGCATGATCCAGGAT-1,Mucinous adenocarcinoma_lepidic
ATGCCGGTCTTGCATA-1,Mucinous adenocarcinoma_lepidic
ATGCCGGTTGATGGGA-1,
ATGCGACAGTCCCATT-1,Fibrosis
ATGCTCTGGCGCGGTA-1,Fibrosis
ATGGAGCAGGCCGTGA-1,Mucinous adenocarcinoma_lepidic
ATGGATCCGGCGTCCG-1,Mucinous adenocarcinoma_lepidic
ATGGATTGACCAAACG-1,
ATGGTCGCGTGGTTTC-1,Fibrosis
ATGTGCATCCGACGCA-1,
ATGTGGACATCTTGAT-1,Mucinous adenocarcinoma_lepidic
ATTAATACTACGCGGG-1,Mucinous adenocarcinoma_lepidic
ATTAATGAACCAGTCG-1,
ATTAATTCGGTCACTC-1,
ATTACAACTACCGGCC-1,
ATTACTAGCCTCTTGC-1,
ATTAGATTGATAGCGG-1,Mucinous adenocarcinoma_lepidic
ATTAGGCGATGCTTTC-1,Mucinous adenocarcinoma_lepidic
ATTATACTTTGCTCGT-1,Mucinous adenocarcinoma_lepidic
ATTATGCCATAGGGAG-1,Mucinous adenocarcinoma_lepidic
ATTCAGGACCTATTTC-1,
ATTCATATACTGTCCA-1,Mucinous adenocarcinoma_lepidic
ATTCGACGCCGGGCCT-1,
ATTGAAGATCTTAGTG-1,Mucinous adenocarcinoma_lepidic
ATTGCTGCTCCTCCAT-1,
ATTGTCGCAATACCTT-1,
ATTTACAGTTTACTGG-1,
ATTTCATTATTTCGCG-1,
ATTTGTCTTGGGAGCT-1,Mucinous adenocarcinoma_lepidic
ATTTGTTCCAGGGCTC-1,Mucinous adenocarcinoma_lepidic
CAAACGGTCGCACTTT-1,
CAAACTACGATAGAGA-1,Immune cells_lymphocytes
CAAATGTCCTTCCGTG-1,
CAAATTGTCAGCAAGC-1,
CAACGACCCGTTTACA-1,
CAACTATATCGAATGC-1,Mucinous adenocarcinoma_lepidic
CAACTCCTTGATCCCG-1,
CAAGAGGGCGGAGTAC-1,
CAAGCAACGTCGGAGT-1,
CAAGCACCAAATGCCT-1,Mucinous adenocarcinoma_lepidic
CAAGGATCGCATGTTC-1,Mucinous adenocarcinoma_lepidic
CAATAAACCTTGGCCC-1,Non-neoplastic lung
CAATCCCTATACCAGC-1,
CAATGCGAGAAGTATC-1,Mucinous adenocarcinoma_lepidic
CAATTAAGGGTGATGA-1,
CACAATGAGCTGCTAT-1,
CACAGCACCCACGGCA-1,Mucinous adenocarcinoma_lepidic
CACAGCTAGGGAGTGA-1,Mucinous adenocarcinoma_lepidic
CACATATTAGCAGGAT-1,Mucinous adenocarcinoma_lepidic
CACATGATTCAGCAAC-1,
CACCCACACGTCACCC-1,
CACCCTAACAAGATCT-1,Mucinous adenocarcinoma_lepidic
CACCGATACACCGAGC-1,
CACCGCCAGAAGGTTT-1,
CACCTAATCAGTTTAC-1,Mucinous adenocarcinoma_lepidic
CACCTCGATGGTGGAC-1,
CACCTTGCGAAACTCG-1,Fibrosis
CACGAAAGTTAGTCCC-1,
CACGCACAGCGCAGCT-1,Non-neoplastic lung
CACGCAGCGAGGCTTT-1,Mucinous adenocarcinoma_lepidic
CACGTTCGTGCTCTAG-1,Mucinous adenocarcinoma_lepidic
CACTAAAGTTGCCTAT-1,Mucinous adenocarcinoma_lepidic
CACTCAAGAGCTATGG-1,Mucinous adenocarcinoma_lepidic
CACTCCTCTCGGTCGG-1,Mucinous adenocarcinoma_lepidic
CACTCGAGCTGAACAA-1,Mucinous adenocarcinoma_lepidic
CACTGTCCAAGTGAGA-1,
CACTTAATCAGACGGA-1,
CAGAGACGGTCACCCA-1,
CAGAGCATGAGCTTGC-1,Non-neoplastic lung
CAGATACTAACATAGT-1,Fibrosis
CAGCAGCCCGTTCCTT-1,Mucinous adenocarcinoma_lepidic
CAGCAGTCTGTGCTGC-1,Non-neoplastic lung
CAGCCGGGCCCTCTAT-1,
CAGCCTCCTGCAGAGG-1,Mucinous adenocarcinoma_lepidic
CAGCTCACTGAGACAT-1,Mucinous adenocarcinoma_lepidic
CAGGAAGACTTTATAT-1,Mucinous adenocarcinoma_lepidic
CAGGATATATCGTTGT-1,
CAGGCCGTTTGGGTGT-1,Mucinous adenocarcinoma_lepidic
CAGGCGCCATGCTAGG-1,Mucinous adenocarcinoma_lepidic
CAGTCTGTATACTGGG-1,Mucinous adenocarcinoma_lepidic
CAGTGAATAAATGACT-1,Immune cells_lymphocytes
CAGTTCAAATTGACAC-1,Fibrosis
CATACCCGTACCCAGT-1,Mucinous adenocarcinoma_lepidic
CATACGGCGTCTGGGC-1,Mucinous adenocarcinoma_lepidic
CATACTATGTAATTGT-1,
CATAGTACATTGAGAG-1,Mucinous adenocarcinoma_lepidic
CATATAGGTACAGTCA-1,
CATCGGACGGGTTAAT-1,
CATGAGATGCACTCTC-1,Mucinous adenocarcinoma_lepidic
CATGATGCACAATTCT-1,Mucinous adenocarcinoma_lepidic
CATGCGTTAGACAGAA-1,
CATGGGTATGCCTTAT-1,Mucinous adenocarcinoma_micropapillary
CATGGGTCGGGTGTGG-1,Fibrosis
CATGGTAAGTAGCGTT-1,Mucinous adenocarcinoma_lepidic
CATGGTCTAGATACCG-1,Mucinous adenocarcinoma_lepidic
CATGTCTCATTTATGG-1,Mucinous adenocarcinoma_lepidic
CATTACGTCGGCCCGT-1,
CATTATGCTTGTTGTG-1,Mucinous adenocarcinoma_lepidic
CATTTAGCGGACCATG-1,Fibrosis
CCAAACAGAACCCTCG-1,Fibrosis
CCAACGATGCACTGAT-1,
CCAAGACTTCTGCGAA-1,
CCAAGCGTAACTCGTA-1,Mucinous adenocarcinoma_lepidic
CCAATAGTGCCGTCGA-1,Mucinous adenocarcinoma_lepidic
CCAATCGGTAGATCGA-1,Mucinous adenocarcinoma_lepidic
CCAATGTCACAGCAAG-1,Mucinous adenocarcinoma_lepidic
CCAATTACGGGTCGAG-1,
CCAATTGAATGTTAAT-1,
CCACACTGAGATATTA-1,Mucinous adenocarcinoma_lepidic
CCACCCAAGGAAAGTG-1,Mucinous adenocarcinoma_lepidic
CCACGAGAAGAGAATC-1,Mucinous adenocarcinoma_lepidic
CCAGCCTGGACCAATA-1,Mucinous adenocarcinoma_micropapillary
CCAGCTCGAACGCATT-1,
CCAGGGACGTGGCCTC-1,
CCAGTCTAGACGGCGC-1,Immune cells_lymphocytes
CCATAAACAACCCGAC-1,
CCATAGGTTGGCGTGG-1,Mucinous adenocarcinoma_lepidic
CCATCGCAGTTAAACT-1,
CCATGCCTGTTTAGTA-1,Mucinous adenocarcinoma_lepidic
CCATGCTCTGCAGGAA-1,
CCATTAGCGATAATCC-1,Mucinous adenocarcinoma_lepidic
CCATTCCCTGCCCACA-1,Mucinous adenocarcinoma_lepidic
CCCAATTTCACAACTT-1,
CCCAGTTAAGGCGCCG-1,Mucinous adenocarcinoma_lepidic
CCCGACCATAGTCCGC-1,Mucinous adenocarcinoma_lepidic
CCCGCAGCGCGAACTA-1,
CCCGCAGGGCCCAAAG-1,
CCCGTCAGCGTCTGAC-1,Mucinous adenocarcinoma_lepidic
CCCTGAAATGAGTTGA-1,
CCGAACCTTCCCGGCC-1,
CCGCACAAAGACCAAC-1,Mucinous adenocarcinoma_lepidic
CCGCATGTGGTACGAT-1,
CCGCTATCAGCACCAG-1,
CCGCTCCGGATAAGCT-1,
CCGGGACCCGCAGAGA-1,
CCGGGCGGTCTCGTCA-1,
CCGGGCTGCTCCATAC-1,Immune cells_lymphocytes
CCGGGTTCGAGGTTAC-1,Mucinous adenocarcinoma_lepidic
CCGTAAGTTGGTCCCA-1,Mucinous adenocarcinoma_lepidic
CCTAAAGGCTGACGCT-1,Mucinous adenocarcinoma_lepidic
CCTAAATTAACGGTTC-1,Mucinous adenocarcinoma_lepidic
CCTAACCCAAACAAGT-1,
CCTAACTAAGGCTCTA-1,
CCTACTGCTTACACTT-1,Mucinous adenocarcinoma_lepidic
CCTATAATGAGTGCCC-1,Mucinous adenocarcinoma_lepidic
CCTATCTATATCGGAA-1,Non-neoplastic lung
CCTATGGGTTACCGTC-1,Non-neoplastic lung
CCTCCGACAATTCAAG-1,Mucinous adenocarcinoma_lepidic
CCTCGAAGTGGACGGG-1,
CCTCGCCAGCAAATTA-1,
CCTCGCGCGATATAGG-1,
CCTCGGACCGGGATAG-1,
CCTCTAATCTGCCAAG-1,Mucinous adenocarcinoma_lepidic
CCTCTCTCCCATCTAG-1,
CCTCTGGCCTAGACGG-1,
CCTGAACGATATATTC-1,Immune cells_lymphocytes
CCTGAATATTTACATA-1,
CCTGACCACCGATGGT-1,Mucinous adenocarcinoma_lepidic
CCTGCTATTTGAGAAG-1,
CCTGGCTAGACCCGCC-1,Mucinous adenocarcinoma_lepidic
CCTGGTCGAATGTGGG-1,
CCTGTAAGACATGATA-1,Mucinous adenocarcinoma_lepidic
CCTGTCACCCGGGCTC-1,Non-neoplastic lung
CCTGTCGCCCGTAAAT-1,Mucinous adenocarcinoma_lepidic
CCTTCTTGATCCAGTG-1,Mucinous adenocarcinoma_lepidic
CGAAACGCAATTCATG-1,
CGAACGCCCAGTGCCG-1,
CGAAGTTGCTCTGTGT-1,
CGACAGTTCGCGTTAT-1,Mucinous adenocarcinoma_lepidic
CGACTCAGGATGTTAT-1,
CGAGACCCTAGAGTGT-1,Mucinous adenocarcinoma_lepidic
CGAGAGATGTGAACCT-1,Mucinous adenocarcinoma_lepidic
CGAGCTGGGCTTTAGG-1,
CGAGGCTAAATATGGC-1,Non-neoplastic lung
CGAGGGACTGCGGTCG-1,Mucinous adenocarcinoma_lepidic
CGATACCTCGCGGACA-1,
CGATCCGACCCAGTGC-1,Mucinous adenocarcinoma_lepidic
CGATGGACCCTACGCC-1,
CGATTAAATATCTCCT-1,
CGCAATTAGGGTAATA-1,Mucinous adenocarcinoma_lepidic
CGCACATGTCCACTAC-1,Immune cells_lymphocytes
CGCATGGTGCGATGCT-1,
CGCATTAGCTAATAGG-1,Mucinous adenocarcinoma_lepidic
CGCCATCCGATTATGA-1,Immune cells_lymphocytes
CGCCCGCTTCCGTACA-1,Non-neoplastic lung
CGCCGCCCATGCCTGT-1,Mucinous adenocarcinoma_lepidic
CGCCTCCCTCCTCTAT-1,Mucinous adenocarcinoma_lepidic
CGCGACCGCGACAGAT-1,
CGCGCATGTTTGATTG-1,
CGCGCCCGACTTAATA-1,Non-neoplastic lung
CGCGGGAATTAGGCAG-1,Mucinous adenocarcinoma_lepidic
CGCGTTCATGAAATAC-1,Mucinous adenocarcinoma_lepidic
CGCTACGGGACATTTA-1,Mucinous adenocarcinoma_lepidic
CGCTCGACATAATGAT-1,Non-neoplastic lung
CGCTCTCCGTAGATTA-1,
CGCTGTGACGCCGCAC-1,Fibrosis
CGCTTCCACTGAAATC-1,
CGCTTTCTTGCATTCG-1,Immune cells_lymphocytes
CGGAGCATGGCGATCC-1,Mucinous adenocarcinoma_lepidic
CGGAGCTTATAACACC-1,
CGGAGTTTGAGAGACA-1,
CGGATCCTCAAGGACT-1,
CGGCACCGTTAGCGCC-1,
CGGCCACGCACAAAGT-1,Mucinous adenocarcinoma_lepidic
CGGGAATTTATGTAAA-1,Mucinous adenocarcinoma_lepidic
CGGGATCAATGTAAGA-1,Mucinous adenocarcinoma_lepidic
CGGGCAGCTAAACCGC-1,Mucinous adenocarcinoma_lepidic
CGGGCCTTCTTTGTAA-1,Mucinous adenocarcinoma_lepidic
CGGGTGTACCCATTTA-1,
CGGTACTAGAATCAAA-1,Mucinous adenocarcinoma_lepidic
CGGTAGAGGTGCAGGT-1,
CGGTCAAGTGGGAACC-1,Fibrosis
CGGTCTATCAACCCGT-1,Immune cells_lymphocytes
CGTACCTGATAGGCCT-1,Mucinous adenocarcinoma_lepidic
CGTATTAAGAGATCTA-1,Fibrosis
CGTCACGTCCATTGGT-1,
CGTCTGGAAGGGCCCG-1,
CGTGAAGTTAATTCAC-1,
CGTGACATTGGGTCGT-1,Mucinous adenocarcinoma_lepidic
CGTGCAGACTGGGACA-1,Mucinous adenocarcinoma_lepidic
CGTGCATTGTCGACGC-1,Mucinous adenocarcinoma_lepidic
CGTGCCCTCCCGAAGA-1,Mucinous adenocarcinoma_lepidic
CGTGTCCCATTCGCGA-1,Mucinous adenocarcinoma_lepidic
CGTTAGCTCACAACTG-1,Immune cells_lymphocytes
CGTTGAATACCGCGCT-1,
CGTTGAGCGACCGTCG-1,Mucinous adenocarcinoma_lepidic
CGTTGTCGGCAATTGA-1,Non-neoplastic lung
CGTTGTTTCAATTCCC-1,Mucinous adenocarcinoma_lepidic
CGTTTCACTTCGGGCG-1,
CGTTTCGCTCATTACA-1,Mucinous adenocarcinoma_lepidic
CTAAAGAATGCCTACT-1,Mucinous adenocarcinoma_lepidic
CTAAAGGGAAATAGGA-1,
CTAAATCCTATTCCGG-1,Fibrosis
CTAACCGCGCGCCCGT-1,
CTAAGGGAATGATTGG-1,Mucinous adenocarcinoma_lepidic
CTAATTCGCACGCGCT-1,
CTACGCACGGAGTACC-1,Mucinous adenocarcinoma_lepidic
CTACGCCATTTCCGAT-1,
CTACTGCCACCTGACC-1,Mucinous adenocarcinoma_lepidic
CTAGATTTACGACGGC-1,Mucinous adenocarcinoma_lepidic
CTAGCATAGTATAATG-1,Mucinous adenocarcinoma_lepidic
CTAGTATTCGGAATTA-1,
CTAGTCACGTCTTAAG-1,Mucinous adenocarcinoma_lepidic
CTAGTGAAGGACAGGA-1,Mucinous adenocarcinoma_lepidic
CTAGTTACAACCCGGT-1,Mucinous adenocarcinoma_lepidic
CTAGTTGGGCCCGGTA-1,
CTATCGGGTCTCAACA-1,Mucinous adenocarcinoma_lepidic
CTATGTCACTAGCCCA-1,Non-neoplastic lung
CTATTCATGTGTCCCA-1,
CTATTTGGTTACGGAT-1,Mucinous adenocarcinoma_lepidic
CTCACATTTACTAAAT-1,
CTCATTGCTCTAACAA-1,Fibrosis
CTCATTTGATGGGCGG-1,
CTCCGGCCTAATATGC-1,Mucinous adenocarcinoma_lepidic
CTCGAGGTCGAACAGT-1,Mucinous adenocarcinoma_lepidic
CTCGCACCTATATAGT-1,Mucinous adenocarcinoma_lepidic
CTCGGTACCACTGCTC-1,Mucinous adenocarcinoma_lepidic
CTCGGTCCGTAGCCTG-1,Mucinous adenocarcinoma_lepidic
CTCTATTTGGCTGCAG-1,
CTCTCACAATCGATGA-1,
CTCTGGACGCCTGGTG-1,
CTCTGTTTGAGGATTC-1,
CTCTTGTCCCGCTTGG-1,
CTGAAAGAGATCCGAC-1,Mucinous adenocarcinoma_lepidic
CTGAATCCGAGACCTC-1,
CTGCACAACTACATAT-1,Mucinous adenocarcinoma_lepidic
CTGCACCTGGAACCGC-1,
CTGCACTCCAGTACAG-1,Mucinous adenocarcinoma_lepidic
CTGCCAAGGTTGGAAG-1,Non-neoplastic lung
CTGCGTTACGATATAA-1,
CTGCTTGGCGATAGCT-1,Mucinous adenocarcinoma_lepidic
CTGGAAATGGATGCTT-1,Mucinous adenocarcinoma_lepidic
CTGGAAGACACGGTGG-1,Fibrosis
CTGGATTTACACTTGA-1,Mucinous adenocarcinoma_lepidic
CTGGCGACATAAGTCC-1,Mucinous adenocarcinoma_lepidic
CTGGCTGGTTGTCAGT-1,
CTGGGATAAATAATGG-1,Mucinous adenocarcinoma_lepidic
CTGGGTAGGCAGTTAA-1,Mucinous adenocarcinoma_lepidic
CTGGTAACACATAGAA-1,Fibrosis
CTGGTTTCGAGCAAGA-1,
CTGTACTTCTTAGCAT-1,Mucinous adenocarcinoma_lepidic
CTGTCAAATGGCTCGG-1,Immune cells_lymphocytes
CTGTGCAGGGTAGGTC-1,Mucinous adenocarcinoma_lepidic
CTGTTACCCAATCTAG-1,
CTGTTCACTGCCTGTG-1,Mucinous adenocarcinoma_lepidic
CTTACACGGTATTCCA-1,
CTTACACTGGGAAATA-1,
CTTAGCCTTCCACATG-1,
CTTCAACTCCACTTGG-1,
CTTCATTGTCAGTGGA-1,Immune cells_lymphocytes
CTTCGTAGATAGGTGA-1,
CTTGCCCAGGCTCTAC-1,Mucinous adenocarcinoma_lepidic
CTTGTACTTGTTGACT-1,Mucinous adenocarcinoma_lepidic
CTTGTCAACATTCGAG-1,
CTTGTGCTCACCGATT-1,
CTTGTTGCTGAGTCAA-1,Mucinous adenocarcinoma_lepidic
CTTTAACTTTCAAAGG-1,Mucinous adenocarcinoma_lepidic
CTTTAATATTGGTCGA-1,
CTTTACCGAATAGTAG-1,Mucinous adenocarcinoma_lepidic
CTTTAGGAACACTGTT-1,Immune cells_lymphocytes
CTTTAGTGCTATTATT-1,Mucinous adenocarcinoma_lepidic
CTTTCTGTGCGGGCTT-1,
CTTTGGCTTTAGTAAA-1,Mucinous adenocarcinoma_lepidic
GAAACCGAATTACCTT-1,
GAAATCGCGCGCAACT-1,Mucinous adenocarcinoma_lepidic
GAAATGGCGGTGTTAG-1,Mucinous adenocarcinoma_lepidic
GAAATTAGCACGGATA-1,
GAACACACATCAACCA-1,Mucinous adenocarcinoma_lepidic
GAACCCTCTGTGTTCT-1,
GAACGACCGAATGATA-1,
GAAGCGTGAGGAATTT-1,Mucinous adenocarcinoma_lepidic
GAAGCTTGCTGACCGC-1,
GAAGTCAGTTGCACTA-1,
GAAGTGATTTATCGTG-1,Mucinous adenocarcinoma_lepidic
GAAGTTTCCACTCAAT-1,
GAATATTCGGAGTCCC-1,Mucinous adenocarcinoma_lepidic
GAATCGACATGGTCAC-1,Fibrosis
GAATCTGAACATTCTC-1,Mucinous adenocarcinoma_lepidic
GAATGCGAATCGGTTC-1,Non-neoplastic lung
GAATGTATGGCAGGTC-1,
GAATGTGGTCCGGATT-1,Mucinous adenocarcinoma_lepidic
GAATGTTGGGTAATCT-1,Mucinous adenocarcinoma_lepidic
GAATTATAGTGAAAGG-1,Fibrosis
GAATTCACCCGGGTGT-1,Mucinous adenocarcinoma_lepidic
GAATTTCTCGCTGCAG-1,
GACAACGACCATTGAA-1,Fibrosis
GACAACGCAGCTTACG-1,Mucinous adenocarcinoma_lepidic
GACACAAGGGAAGAAA-1,Mucinous adenocarcinoma_lepidic
GACACTGAGTTCAGTG-1,
GACAGCCAGACCTGAC-1,Mucinous adenocarcinoma_lepidic
GACCAGAGCCCTGTAG-1,Mucinous adenocarcinoma_lepidic
GACCGTCAGGTCGTGA-1,
GACCGTGCTGACGGTG-1,Mucinous adenocarcinoma_lepidic
GACGACGATCCGCGTT-1,
GACGCTTGCTTCTAAA-1,Mucinous adenocarcinoma_lepidic
GACGTGTAGGGATTAT-1,
GACTAAGATCATGCAC-1,
GACTAAGTAGGCTCAC-1,Mucinous adenocarcinoma_lepidic
GACTGCAAATCGAGCT-1,Mucinous adenocarcinoma_lepidic
GACTGCACCAGCCCAG-1,Immune cells_lymphocytes
GAGACTGATGGGTAGA-1,Mucinous adenocarcinoma_lepidic
GAGACTTCGCGACCGA-1,
GAGAGGGCGCGAGGTT-1,Mucinous adenocarcinoma_lepidic
GAGATCTGCTTGGCAT-1,
GAGATCTGTCACTCCG-1,Mucinous adenocarcinoma_lepidic
GAGATCTTCCATGACA-1,Fibrosis
GAGATGGGAGTCGACA-1,
GAGCACCTGTGTCCAG-1,
GAGCTAAGGGCATATC-1,Fibrosis
GAGGAATGGAGAGGTT-1,
GAGGCTATCAAAGTCG-1,
GAGTATGCGCGTGCAT-1,Non-neoplastic lung
GAGTCCGCTTACCGGA-1,Mucinous adenocarcinoma_lepidic
GAGTGTGCGGTACCCA-1,
GATAACTCGCACTGTG-1,
GATAGGTAACGTTGAC-1,
GATATGAGACACTAAC-1,Mucinous adenocarcinoma_lepidic
GATATGCGGTAGCCAA-1,
GATATTTCCTACATGG-1,
GATCATTCCAAACATT-1,Mucinous adenocarcinoma_lepidic
GATCCCTTTATACTGC-1,Mucinous adenocarcinoma_lepidic
GATCCGGGAATTAACA-1,Mucinous adenocarcinoma_lepidic
GATCGACACTATCTGA-1,
GATCGCGGGCTCTCCA-1,Mucinous adenocarcinoma_lepidic
GATCGGTGGCCATAAC-1,Non-neoplastic lung
GATCGTGACTGATATC-1,Mucinous adenocarcinoma_lepidic
GATCTTGGAGGGCATA-1,Mucinous adenocarcinoma_lepidic
GATCTTTGCAGGGTAT-1,Mucinous adenocarcinoma_lepidic
GATGCGTCCTGCATTC-1,Mucinous adenocarcinoma_lepidic
GATGCTACAAGCGCCT-1,
GATGCTGTATTTCATC-1,Mucinous adenocarcinoma_lepidic
GATGTTCAATCCACGA-1,
GATTCCCTTGTCGCAG-1,
GATTCCGCGTTTCCGT-1,
GATTCGACGGTTCACG-1,
GCAAACCCTACATTAT-1,Mucinous adenocarcinoma_lepidic
GCAAACCTTGGCCATA-1,
GCAAATATTACGCTTT-1,Mucinous adenocarcinoma_lepidic
GCAACCACCAGACCGG-1,
GCAAGTGCACAGAGAA-1,Non-neoplastic lung
GCAGATCCATAAGACT-1,Mucinous adenocarcinoma_lepidic
GCAGATTAGGGATATC-1,Mucinous adenocarcinoma_lepidic
GCAGCACACAGCCCAG-1,
GCAGGACTATAGAATA-1,Mucinous adenocarcinoma_lepidic
GCAGGTAGAGTATGGT-1,
GCATAGAGCACTCAGG-1,Mucinous adenocarcinoma_lepidic
GCCATATTGCACACAG-1,
GCCCGATCTGTGGTCG-1,Mucinous adenocarcinoma_lepidic
GCCCGTAATACCTTCT-1,Non-neoplastic lung
GCCGAAATTCCTACGT-1,Mucinous adenocarcinoma_lepidic
GCCGATTGGCCAAGCT-1,Mucinous adenocarcinoma_lepidic
GCCGCTTGTGAGAAAC-1,Mucinous adenocarcinoma_lepidic
GCCGGGTTAGGGTCGC-1,Mucinous adenocarcinoma_lepidic
GCCTAGCGATCTGACC-1,
GCCTCTATACATAGCA-1,
GCCTTCAGCCCTACCG-1,
GCGAAACTTAACTGGA-1,Mucinous adenocarcinoma_lepidic
GCGAAGCCATACCCGT-1,
GCGACGATAGTTGTAC-1,Mucinous adenocarcinoma_lepidic
GCGAGGCCCGAGCAGA-1,Mucinous adenocarcinoma_lepidic
GCGAGTTCTGCAAAGA-1,Mucinous adenocarcinoma_lepidic
GCGATTGTTAACGTTA-1,Mucinous adenocarcinoma_lepidic
GCGCCGTTCCACGATA-1,Mucinous adenocarcinoma_lepidic
GCGCGTCATTGGTACA-1,Mucinous adenocarcinoma_lepidic
GCGCTAATTGAATAGA-1,Mucinous adenocarcinoma_lepidic
GCGCTATGCCGAGGCA-1,Mucinous adenocarcinoma_lepidic
GCGCTGATCCAGACTC-1,Immune cells_lymphocytes
GCGGAGAGGGAGAACG-1,Immune cells_lymphocytes
GCGGCTCTGACGTACC-1,
GCGGGAACCAGGCCCT-1,Non-neoplastic lung
GCGGTGAACTGCGCTC-1,
GCGGTTCCCTATCATG-1,
GCGTCGAAATGTCGGT-1,
GCGTCTCTGCATTGGG-1,Mucinous adenocarcinoma_lepidic
GCTAAGTAGTTTCTCT-1,Mucinous adenocarcinoma_lepidic
GCTAATACCGAATGCC-1,Non-neoplastic lung
GCTACGACTTATTGGG-1,Mucinous adenocarcinoma_lepidic
GCTAGGCACCACGGAG-1,Mucinous adenocarcinoma_lepidic
GCTAGTAGAGCTTGTA-1,Mucinous adenocarcinoma_lepidic
GCTATACGTCTCGGAC-1,Fibrosis
GCTCGGAATTTAAAGC-1,
GCTCTAAACCCTGACG-1,Mucinous adenocarcinoma_lepidic
GCTCTCGGGTACCGAA-1,Mucinous adenocarcinoma_lepidic
GCTGAGGCGTGAGTAT-1,
GCTGCACGGTTTCTTA-1,
GCTGCTACTGCGTAGC-1,
GCTGCTCTCCGGACAC-1,
GCTGGCATATTCACCT-1,
GCTGGCGGCGCATGCT-1,Mucinous adenocarcinoma_lepidic
GCTTAATGTAACTAAC-1,Mucinous adenocarcinoma_lepidic
GCTTCCGTCCCTAGAC-1,Mucinous adenocarcinoma_lepidic
GGAAGCTCGCTTACAG-1,
GGAATGCGCTAGCGTG-1,Non-neoplastic lung
GGAGAAGTCATTGGCA-1,Non-neoplastic lung
GGAGCACCAAGAACTA-1,Fibrosis
GGAGGGCTTGGTTGGC-1,Mucinous adenocarcinoma_lepidic
GGAGTGCCGCCCTGGA-1,Mucinous adenocarcinoma_lepidic
GGATCCGGAATATACT-1,Immune cells_lymphocytes
GGATGACGCGAGTTTA-1,Mucinous adenocarcinoma_lepidic
GGATTCCGCTATACCC-1,Non-neoplastic lung
GGATTTCACTTCTATA-1,Non-neoplastic lung
GGCAAATTACTTTACT-1,
GGCAAGGCGAAATAGC-1,Mucinous adenocarcinoma_lepidic
GGCAATAGTCAATGAG-1,Mucinous adenocarcinoma_lepidic
GGCACTCCACTGGGCA-1,Mucinous adenocarcinoma_lepidic
GGCATACAGGTAGCGG-1,
GGCATATCGGTTCTGC-1,
GGCGAAATCTAACTTG-1,Fibrosis
GGCGCAGGACATCTTC-1,
GGCGCGTTCGAGTTTA-1,Mucinous adenocarcinoma_lepidic
GGCGGAGTAATATTAG-1,Mucinous adenocarcinoma_lepidic
GGCGGTAGGATCATTG-1,Mucinous adenocarcinoma_lepidic
GGCGTCCTATCCGCTG-1,
GGCTATTAAGTTGTAT-1,Immune cells_lymphocytes
GGCTCTGCTCCAACGC-1,Non-neoplastic lung
GGCTGAAATAGCAAAG-1,Mucinous adenocarcinoma_lepidic
GGGAACGGGAGGTTAG-1,Mucinous adenocarcinoma_lepidic
GGGACTGCATAGATAG-1,Mucinous adenocarcinoma_lepidic
GGGAGAACTCACAGTA-1,Mucinous adenocarcinoma_lepidic
GGGAGGATGCCCGAAA-1,Mucinous adenocarcinoma_lepidic
GGGAGTTAATGAGGCG-1,
GGGCCGGCCGAAGTAC-1,Immune cells_lymphocytes
GGGCGATATGTGTGAA-1,Mucinous adenocarcinoma_lepidic
GGGCGTACATTTATAT-1,Mucinous adenocarcinoma_lepidic
GGGCGTCCACTGGCTC-1,Mucinous adenocarcinoma_lepidic
GGGCTGCCTAGGGCGA-1,Mucinous adenocarcinoma_lepidic
GGGCTGGTTAGTCGCG-1,
GGGTACTTCATGAACT-1,Mucinous adenocarcinoma_lepidic
GGGTATGTATGCACTT-1,
GGGTCACCGTGACGGT-1,Mucinous adenocarcinoma_lepidic
GGGTGACACCTTAACT-1,Mucinous adenocarcinoma_lepidic
GGGTGTTTCAGCTATG-1,
GGTAAATGTGCGTTAC-1,
GGTACAAACATGCTAT-1,Mucinous adenocarcinoma_lepidic
GGTAGAAGACCGCCTG-1,Mucinous adenocarcinoma_lepidic
GGTAGTGCTCGCACCA-1,Mucinous adenocarcinoma_lepidic
GGTATTGCCGAGTTTA-1,Mucinous adenocarcinoma_lepidic
GGTCAGTGGGTCCCAC-1,Mucinous adenocarcinoma_lepidic
GGTCGGCCAGGAGCTT-1,Non-neoplastic lung
GGTCTGAGAATCTGGA-1,Non-neoplastic lung
GGTGATAAGGAGCAGT-1,Mucinous adenocarcinoma_lepidic
GGTGCGGATAAGTGGC-1,Mucinous adenocarcinoma_lepidic
GGTGCTGGTACACATT-1,Mucinous adenocarcinoma_lepidic
GGTGGACTGCTCTGGC-1,Mucinous adenocarcinoma_lepidic
GGTTAGCTATATGTCT-1,Fibrosis
GGTTAGGCTTGGAGAA-1,
GGTTTACAATCTCAAT-1,Non-neoplastic lung
GTAAGCGGGCAGTCAG-1,Mucinous adenocarcinoma_lepidic
GTAAGTAACAGTCTGG-1,Mucinous adenocarcinoma_lepidic
GTACAGAGGCAAGGGT-1,Mucinous adenocarcinoma_lepidic
GTACGAGATTGCGACA-1,Mucinous adenocarcinoma_lepidic
GTACGCTTCATTGCAC-1,
GTACGTTTGCCCGTCA-1,
GTACTAAGATTTGGAG-1,Mucinous adenocarcinoma_lepidic
GTACTCCCTTATCGCT-1,
GTACTGGAGTTAGACC-1,Non-neoplastic lung
GTAGACACGCCTGACT-1,Non-neoplastic lung
GTAGCCAAACATGGGA-1,
GTAGCGGCTATACACT-1,
GTAGGTGATCCGTGTA-1,
GTATAGGACTCAGTAG-1,Mucinous adenocarcinoma_lepidic
GTATCTTTCATAACCA-1,Mucinous adenocarcinoma_lepidic
GTCAAGCGGACTCGGG-1,Mucinous adenocarcinoma_lepidic
GTCAGAATAGTCTATG-1,
GTCATGCACCTCCGTT-1,Mucinous adenocarcinoma_lepidic
GTCATGGACATGACTA-1,Mucinous adenocarcinoma_lepidic
GTCATTAGAGCGAACG-1,
GTCCCAACGTAAAGTA-1,Mucinous adenocarcinoma_lepidic
GTCCCGCGACGTTATG-1,Mucinous adenocarcinoma_lepidic
GTCCGGCTGAATTGCG-1,Mucinous adenocarcinoma_lepidic
GTCGCGTAACCCGTTG-1,Mucinous adenocarcinoma_lepidic
GTCGGATATCTCAGAC-1,
GTCGGATGTAGCGCGC-1,Mucinous adenocarcinoma_lepidic
GTCGTACCATCTCGGG-1,
GTCGTATTGGCGTACA-1,
GTCGTTATTCGCTTAT-1,Mucinous adenocarcinoma_lepidic
GTCTATCTGAGTTTCT-1,
GTCTCGATCTGCTTTC-1,Non-neoplastic lung
GTCTTAGTACAGCCGG-1,
GTGAAACGGCGCCACC-1,
GTGACTTCAGTAGTGC-1,
GTGAGGACACTTAAGG-1,
GTGAGGAGCGGTTGAG-1,
GTGAGTGGTACAACGC-1,
GTGATCATAGATCTGC-1,
GTGCACGAAAGTGACT-1,
GTGCCATCACACGGTG-1,
GTGCCCGTTCGGATTC-1,Mucinous adenocarcinoma_lepidic
GTGCCGCTTCAAAGGT-1,
GTGCGTGTATATGAGC-1,Mucinous adenocarcinoma_lepidic
GTGCTCAAGTACTGTC-1,Mucinous adenocarcinoma_lepidic
GTGGAACCTACATGCG-1,Mucinous adenocarcinoma_lepidic
GTGGACGCATTTGTCC-1,
GTGGGCTTAGACACAC-1,
GTGGTGGCCAAGTGAA-1,Mucinous adenocarcinoma_lepidic
GTGTACCTTGGCTACG-1,Non-neoplastic lung
GTGTATATCAGCGGGC-1,Mucinous adenocarcinoma_lepidic
GTGTCGTATAGCGTTC-1,
GTGTGAATAACTTAGG-1,Non-neoplastic lung
GTGTTACTATGCGTCC-1,
GTTAAAGTAGGACTGG-1,Mucinous adenocarcinoma_lepidic
GTTAACATCACTTAAA-1,
GTTAAGGGTGCGATGT-1,Non-neoplastic lung
GTTACAATTGGTGACG-1,Mucinous adenocarcinoma_lepidic
GTTACCTACAACTTGC-1,
GTTACTTTGGGCCTAG-1,Mucinous adenocarcinoma_lepidic
GTTATATTATCTCCCT-1,
GTTCACAGGAGTCTAG-1,
GTTCCAGTCTGACCAT-1,
GTTCGCCATAAGTGCC-1,Mucinous adenocarcinoma_lepidic
GTTCTTCCCTCGATGT-1,
GTTGAGTCCCGCCGGT-1,Mucinous adenocarcinoma_lepidic
GTTGCACGGAGTTTCG-1,Fibrosis
GTTGGATTTGCGTTGG-1,Mucinous adenocarcinoma_lepidic
GTTGGTCATGCTATCC-1,
GTTTACGTTCCATCTG-1,
GTTTCCTGGAGGGTGA-1,Fibrosis
GTTTCTGCAGTCTCCC-1,
GTTTGACCAAATCCTA-1,Mucinous adenocarcinoma_lepidic
GTTTGGCCCAAGTTAT-1,Mucinous adenocarcinoma_lepidic
GTTTGGGCTTGTGAGC-1,
GTTTGGTAGGGTCAAC-1,
TAACATACAATGTGGG-1,Mucinous adenocarcinoma_lepidic
TAACGCTTTGAGAGCG-1,
TAACTCATCCGCGCGG-1,
TAAGGCAACATAAGAT-1,Non-neoplastic lung
TAAGGCCCGTCACCCT-1,Non-neoplastic lung
TAATACACAGTAGTAT-1,
TAATAGTGACGACCAG-1,Fibrosis
TAATATTGAAATTCGC-1,Non-neoplastic lung
TACAACGCACAACTCA-1,Mucinous adenocarcinoma_lepidic
TACATAGGCATACACC-1,
TACATTTCTAACGTGC-1,Mucinous adenocarcinoma_lepidic
TACCAATAAAGTACCA-1,
TACCTCACGCTTGTAC-1,
TACGAACACGACTTCA-1,Mucinous adenocarcinoma_lepidic
TACGACGCTTGCTGCG-1,Mucinous adenocarcinoma_lepidic
TACGACTGCCTCTTAG-1,
TACGAGAACTTCACGT-1,Mucinous adenocarcinoma_lepidic
TACGATGTTGATCATC-1,Mucinous adenocarcinoma_lepidic
TACGCAGTTCTTTCCT-1,Mucinous adenocarcinoma_lepidic
TACGCCATATTCTAAT-1,
TACGCCTCCATTCCGA-1,
TACGCTGATAGTTGTA-1,
TACGGGATGCTAGCAG-1,Fibrosis
TACGTTTACCGGCAAT-1,
TACTCTCCGAACAAAT-1,Fibrosis
TACTTGTTAGTAGTCC-1,Fibrosis
TAGAAAGGTGGCGCTA-1,Non-neoplastic lung
TAGAGTCTAAGCGAAC-1,Mucinous adenocarcinoma_lepidic
TAGATATGGACTGGAA-1,Mucinous adenocarcinoma_lepidic
TAGCCGGCGGTCAGCG-1,Non-neoplastic lung
TAGCGTCCGGTGTGGT-1,Mucinous adenocarcinoma_lepidic
TAGCGTTGGGTCTTAC-1,
TAGCTAAGTCCGGGAG-1,Fibrosis
TAGCTCGCCTGATAAC-1,
TAGGCATGTTACGCCA-1,
TAGGGTGTTTCAAGAG-1,Mucinous adenocarcinoma_lepidic
TAGGTGAGCCCTACTC-1,
TAGGTGCTCGCCTAGC-1,Mucinous adenocarcinoma_lepidic
TAGGTTCGAGTTCGTC-1,Mucinous adenocarcinoma_lepidic
TAGTCCGCAGAGAATG-1,Mucinous adenocarcinoma_lepidic
TAGTCTAACAACGAGA-1,
TAGTGCCCTCCAGAGT-1,Mucinous adenocarcinoma_lepidic
TAGTTAAGATAGGATA-1,
TATAAATCCACAAGCT-1,Non-neoplastic lung
TATACACAGACGCCTT-1,
TATACGCGTCATCACT-1,Non-neoplastic lung
TATAGTTAGGTGTACT-1,
TATCCAATTGGTTATC-1,Mucinous adenocarcinoma_lepidic
TATCCATATCATGCGA-1,Mucinous adenocarcinoma_lepidic
TATCGATGATTAAACG-1,Fibrosis
TATCTACCACAGCGGG-1,Mucinous adenocarcinoma_lepidic
TATGCTCCCTACTTAC-1,
TATGGATGTGCTACGC-1,Mucinous adenocarcinoma_lepidic
TATGGCCCGGCCTCGC-1,
TATGGGACCGAGCAGG-1,Mucinous adenocarcinoma_lepidic
TATGGGTACGTATCGT-1,
TATGGTCTGAGTAACA-1,Mucinous adenocarcinoma_lepidic
TATGTCAAGACCGACT-1,
TATGTCTCATTGTGCC-1,Non-neoplastic lung
TATTCAATTCTAATCC-1,Mucinous adenocarcinoma_lepidic
TATTCCACTCAGCTCG-1,
TATTCCGAGCTGTTAT-1,Mucinous adenocarcinoma_lepidic
TATTCGTGCCAGAATA-1,Mucinous adenocarcinoma_lepidic
TATTTATACCGAGTAG-1,Mucinous adenocarcinoma_lepidic
TATTTGTTACCCTTTA-1,Mucinous adenocarcinoma_lepidic
TCAAACAACCGCGTCG-1,
TCAAACTTAGATTGTT-1,
TCAAATTTGAGACTCA-1,Non-neoplastic lung
TCAACCATGTTCGGGC-1,
TCAACGAGGAGACAAA-1,
TCACAGGGAATCGCAA-1,Immune cells_lymphocytes
TCACAGGTTATTGGGC-1,Vasculature
TCACCCTCTTAAGATT-1,Mucinous adenocarcinoma_lepidic
TCACGCATTGTAGATC-1,Mucinous adenocarcinoma_lepidic
TCACGGTCATCGCACA-1,Non-neoplastic lung
TCACTCGTGCAACGGC-1,
TCAGACGCTATAGAAG-1,
TCAGCAAATGCATCTC-1,Mucinous adenocarcinoma_lepidic
TCAGGGTGTAACGTAA-1,Non-neoplastic lung
TCAGGTTCTTTGAGAA-1,
TCATCCATCTGATCAC-1,
TCATGCAGGTTCTCAT-1,Immune cells_lymphocytes
TCCAACTTTAAATTCT-1,Mucinous adenocarcinoma_lepidic
TCCACAATGGTTTACG-1,
TCCACTTTATCTAGGT-1,Mucinous adenocarcinoma_lepidic
TCCAGAGCACCGGTTC-1,
TCCAGGCGAGTACGGT-1,Mucinous adenocarcinoma_lepidic
TCCCAAAGACGAAGGA-1,
TCCCAGCTTTAGTCTG-1,Mucinous adenocarcinoma_lepidic
TCCCAGGCTTAGCTAA-1,Mucinous adenocarcinoma_lepidic
TCCCGCGTACTCCTGG-1,Non-neoplastic lung
TCCCGGGTGTGCTGCT-1,Mucinous adenocarcinoma_lepidic
TCCCGTCAGTCCCGCA-1,
TCCCGTGTGCAATTTG-1,Mucinous adenocarcinoma_lepidic
TCCCTTAGATTACTCG-1,
TCCGATAATTGCCATA-1,
TCCGATGACTGAGCTC-1,
TCCGATGGTGCGACAT-1,Mucinous adenocarcinoma_lepidic
TCCGATTACATTGCCG-1,
TCCGCGGCAGCATCTG-1,Non-neoplastic lung
TCCGCTGTCATCCCGG-1,Immune cells_lymphocytes
TCCGCTTATCCCATTA-1,
TCCGGTTCGTCCGGTC-1,
TCCTAAATTGGGAAGC-1,Mucinous adenocarcinoma_lepidic
TCCTACATCCACGGCC-1,Fibrosis
TCCTCGGGCTGGGCTT-1,Mucinous adenocarcinoma_lepidic
TCCTCTGGCCCATTAG-1,
TCCTGCCAACTGGAGA-1,Immune cells_lymphocytes
TCCTGCGTTGATACTC-1,
TCCTTCAGTGGTCGAA-1,
TCCTTTCTTACGCTTA-1,Mucinous adenocarcinoma_lepidic
TCGAAATTTAGGACCA-1,Mucinous adenocarcinoma_lepidic
TCGAGACCAACACCGT-1,Mucinous adenocarcinoma_lepidic
TCGCAAAGATGCATTT-1,Mucinous adenocarcinoma_lepidic
TCGCACCAGGAGGCAG-1,Mucinous adenocarcinoma_lepidic
TCGCCGGTCGATCCGT-1,Mucinous adenocarcinoma_lepidic
TCGCTAAACCGCTATC-1,
TCGCTCGATATATTCC-1,Mucinous adenocarcinoma_lepidic
TCGCTGGGCGGATTGT-1,Non-neoplastic lung
TCGGACGCCCAGCCCA-1,Immune cells_lymphocytes
TCGGAGTACATGAGTA-1,
TCGGGAGACAGCGTAC-1,Mucinous adenocarcinoma_lepidic
TCGGGCCGTCGTGGTA-1,Fibrosis
TCGTAAGACGACATTG-1,Immune cells_lymphocytes
TCGTATTACCCATTGC-1,
TCGTGTACTATGGATG-1,
TCGTTAGGAGTCCCTA-1,
TCTACCGTCCACAAGC-1,Fibrosis
TCTAGCATCTTCGATG-1,Non-neoplastic lung
TCTAGTTATCAGAAGA-1,Mucinous adenocarcinoma_lepidic
TCTATCGGTCGCAACA-1,Mucinous adenocarcinoma_lepidic
TCTCATGAGATAGGGT-1,Fibrosis
TCTCCAACGTAGGTTA-1,Non-neoplastic lung
TCTCCCTGGGCAGCGT-1,Mucinous adenocarcinoma_lepidic
TCTCTAATAGCTGGTA-1,Mucinous adenocarcinoma_lepidic
TCTGAAGCACGTGGTC-1,Mucinous adenocarcinoma_lepidic
TCTGATGTATTCTGTC-1,Mucinous adenocarcinoma_lepidic
TCTGCCAGAAACTGCA-1,Mucinous adenocarcinoma_lepidic
TCTGGGTAGCGCTCAT-1,
TCTGTGCCATCATAGT-1,Mucinous adenocarcinoma_lepidic
TCTTACCGGAACTCGT-1,
TCTTCGAATAGACGTT-1,Mucinous adenocarcinoma_lepidic
TCTTCGATACCAATAA-1,Fibrosis
TCTTGATGCGTAGCGA-1,Mucinous adenocarcinoma_lepidic
TCTTGGTAACACCAAA-1,Mucinous adenocarcinoma_lepidic
TGAAAGGACCTGACTC-1,Immune cells_lymphocytes
TGACCCACGTTAGACA-1,Mucinous adenocarcinoma_lepidic
TGACTATAATCCTTTC-1,Mucinous adenocarcinoma_lepidic
TGAGAATGCTTTACCG-1,
TGAGATTAGGCCCTAA-1,
TGAGCGGAAAGTGTTC-1,
TGAGCTTTAATGACGC-1,
TGAGTAAATTAGCGTA-1,Mucinous adenocarcinoma_lepidic
TGAGTGGTCCGTGACG-1,Immune cells_lymphocytes
TGATCGGTTTGACCCT-1,Mucinous adenocarcinoma_lepidic
TGATCTCCGGCGCCAG-1,
TGATTCGTCTATCACT-1,Mucinous adenocarcinoma_lepidic
TGATTTATTAGCTGTG-1,
TGCAAGAATGACGTAA-1,Vasculature
TGCAGAGTACCGAGCA-1,Mucinous adenocarcinoma_lepidic
TGCAGGATCGGCAAAG-1,Non-neoplastic lung
TGCATATGTCTGTCAC-1,Fibrosis
TGCATGGATCGGATCT-1,
TGCATGTGGTAATCTA-1,Mucinous adenocarcinoma_lepidic
TGCCACCTGGCGAAAC-1,Non-neoplastic lung
TGCCAGTACGTGGAGA-1,Mucinous adenocarcinoma_lepidic
TGCCCGTACCGTTAAA-1,Mucinous adenocarcinoma_lepidic
TGCCGTGGATCGTCCT-1,
TGCCTGATCAAACGAT-1,Mucinous adenocarcinoma_lepidic
TGCGACACCCTAGTGC-1,
TGCGCAAAGCATTTGG-1,Mucinous adenocarcinoma_lepidic
TGCGCGATTAACGGAG-1,Mucinous adenocarcinoma_lepidic
TGCGGAGTAAAGGTGC-1,Mucinous adenocarcinoma_lepidic
TGCGTTTGTTGACACT-1,Mucinous adenocarcinoma_lepidic
TGCTCTTGAGAGTTTG-1,Non-neoplastic lung
TGCTGTTGAAGAACTC-1,
TGCTTCCCAAGCAGTA-1,
TGGAAGAAGGGAACGT-1,Mucinous adenocarcinoma_lepidic
TGGAAGGATAAAGATG-1,
TGGACTGTTCGCTCAA-1,Mucinous adenocarcinoma_lepidic
TGGAGTGATGCGATGA-1,Mucinous adenocarcinoma_lepidic
TGGCAAACTAAATTAC-1,Mucinous adenocarcinoma_lepidic
TGGCAACTCGCGCGCC-1,Immune cells_lymphocytes
TGGCAGATTACGATCA-1,
TGGCAGCAGTAATAGT-1,
TGGCCAAACTGAAGTA-1,Mucinous adenocarcinoma_lepidic
TGGCGATCAAGTTATG-1,
TGGCTTTGGGTAGACA-1,
TGGGCACGTTCTATGG-1,
TGGGCCACAAGAGCGC-1,Mucinous adenocarcinoma_lepidic
TGGGTAAGGTTCCCGC-1,
TGGTCCCACGCTACGG-1,Mucinous adenocarcinoma_lepidic
TGGTCTGTTGGGCGTA-1,
TGGTTCAACGGGTAAT-1,Mucinous adenocarcinoma_lepidic
TGGTTCGTAGCAAAGG-1,Mucinous adenocarcinoma_lepidic
TGTACGAACAAATCCG-1,
TGTAGGAGAAATTTCC-1,
TGTAGTGATCTATAAT-1,Mucinous adenocarcinoma_lepidic
TGTATAACAGATCCTG-1,Mucinous adenocarcinoma_lepidic
TGTCCTAAGTCACCGC-1,Mucinous adenocarcinoma_lepidic
TGTGACTACGCCAGTC-1,
TGTTATTGTATGTGGC-1,Fibrosis
TGTTCCGCTTCCATGA-1,Mucinous adenocarcinoma_lepidic
TGTTCTTCCATTGACT-1,Mucinous adenocarcinoma_lepidic
TGTTGTCAAGAAGTCT-1,Immune cells_lymphocytes
TGTTTCGGTACTTCTC-1,
TTAACCAACCCTCCCT-1,
TTAAGCCGACAACTTC-1,
TTAAGCGCCTGACCCA-1,Immune cells_lymphocytes
TTAATCAGTACGTCAG-1,Mucinous adenocarcinoma_lepidic
TTAATGTAGACCAGGT-1,Non-neoplastic lung
TTAATTTCAGACGCGG-1,
TTACAACTACGCATCC-1,Mucinous adenocarcinoma_lepidic
TTACCATTGATTACCC-1,
TTACCCATTGCCGGGT-1,Immune cells_lymphocytes
TTACTAAAGGACTTTA-1,Mucinous adenocarcinoma_lepidic
TTACTCCGGCCGGGAA-1,Mucinous adenocarcinoma_lepidic
TTACTGGGATATTTCA-1,
TTAGAAGAACATGACT-1,
TTAGACACGATCGTTG-1,Fibrosis
TTAGACGAGTCACCTC-1,Mucinous adenocarcinoma_lepidic
TTAGAGTTTAGAAGGA-1,Fibrosis
TTAGCTAATACGATCT-1,
TTATAGGTAATTGTCT-1,Non-neoplastic lung
TTATATACGCTGTCAC-1,Mucinous adenocarcinoma_lepidic
TTATATTTGGCAATCC-1,Mucinous adenocarcinoma_lepidic
TTATCCGGGATCTATA-1,
TTATCTGTATCATAAC-1,Mucinous adenocarcinoma_lepidic
TTATGAATGAAAGGGA-1,Mucinous adenocarcinoma_lepidic
TTATGATCTTAACGAA-1,
TTATTAGAGCGTGTTC-1,
TTCAAAGTCTCTAGCC-1,Fibrosis
TTCAACGACCCGACCG-1,
TTCAAGCCGAGCTGAG-1,
TTCAATACTCTGAATC-1,Immune cells_lymphocytes
TTCACGAAAGGATCAC-1,Mucinous adenocarcinoma_lepidic
TTCACTCGAGCACCTA-1,Mucinous adenocarcinoma_lepidic
TTCAGCCCTGGTCCAC-1,Fibrosis
TTCATGGCGCAACAGG-1,
TTCCAATCAGAGCTAG-1,
TTCCGCGTGAGGCGAT-1,Mucinous adenocarcinoma_lepidic
TTCCGGTTACCCACTT-1,Fibrosis
TTCCTCGAGGGTGTCT-1,Mucinous adenocarcinoma_lepidic
TTCCTCGGACTAACCA-1,Mucinous adenocarcinoma_lepidic
TTCGACGGGAAGGGCG-1,Mucinous adenocarcinoma_lepidic
TTCGCACTCGCGTGCT-1,Mucinous adenocarcinoma_lepidic
TTCGGCAACCCGCTGA-1,Immune cells_lymphocytes
TTCGGGACTAATCGCG-1,Mucinous adenocarcinoma_lepidic
TTCGTAATCCCAGCGG-1,Immune cells_lymphocytes
TTCGTACTCCAGAACG-1,
TTCTAGGCCAATTGTG-1,Non-neoplastic lung
TTCTCAATTGCTACAA-1,
TTCTGACCGGGCTCAA-1,
TTCTGCGGGTTAGCGG-1,Mucinous adenocarcinoma_lepidic
TTCTTAGTGGCTCAGA-1,
TTCTTGGAGTAATGAG-1,Non-neoplastic lung
TTGAAGAATTCCCAGG-1,
TTGAATATGGACTTTC-1,
TTGACCATGTTCTCCG-1,Immune cells_lymphocytes
TTGATCTAACTTTGTC-1,Mucinous adenocarcinoma_lepidic
TTGATTATGCAGATGA-1,
TTGCACAATTCAGAAA-1,
TTGCACGGAGCAGCAC-1,Mucinous adenocarcinoma_lepidic
TTGCCCTGATCACGGG-1,Mucinous adenocarcinoma_lepidic
TTGCTCCCATACCGGA-1,
TTGCTGATCATGTTCG-1,Mucinous adenocarcinoma_lepidic
TTGGACCTATAACAGT-1,
TTGGATATCGTCTACG-1,
TTGGATTGGGTACCAC-1,
TTGGCCTAGAATTTCG-1,
TTGGGACACTGCCCGC-1,Non-neoplastic lung
TTGGGCGGCGGTTGCC-1,Non-neoplastic lung
TTGTAAGGCCAGTTGG-1,Fibrosis
TTGTAATCCGTACTCG-1,Mucinous adenocarcinoma_lepidic
TTGTCGTTCAGTTACC-1,Mucinous adenocarcinoma_lepidic
TTGTGCAGCCACGTCA-1,Mucinous adenocarcinoma_lepidic
TTGTGGCCCTGACAGT-1,
TTGTGTTTCCCGAAAG-1,
TTGTTAGCAAATTCGA-1,
TTGTTCAGTGTGCTAC-1,Mucinous adenocarcinoma_lepidic
TTGTTGTGTGTCAAGA-1,Non-neoplastic lung