Barcode,Navin's annotations
AAACCGGGTAGGTACC-1,Adenocarcinoma_lepidic
AAACCTCATGAAGTTG-1,
AAACGAGACGGTTGAT-1,
AAAGGGATGTAGCAAG-1,
AAAGGGCAGCTTGAAT-1,
AAAGGTAAGCTGTACC-1,Non-maligant lung
AAATCGTGTACCACAA-1,Adenocarcinoma_lepidic
AAATGGTCAATGTGCC-1,
AAATTAACGGGTAGCT-1,
AAATTTGCGGGTGTGG-1,Adenocarcinoma_lepidic
AACAACTGGTAGTTGC-1,
AACAATTACTCTACGC-1,
AACAGGATGGGCCGCG-1,Adenocarcinoma_lepidic
AACATATCAACTGGTG-1,Vascular endothelium
AACCAAGACTTCTCTG-1,Adenocarcinoma_lepidic
AACCGAGCTTGGTCAT-1,Adenocarcinoma_lepidic
AACGATATGTCAACTG-1,Adenocarcinoma_lepidic
AACGCGGTCTCCAGCC-1,
AACGTCAGACTAGTGG-1,Adenocarcinoma_lepidic
AACGTGCGAAAGTCTC-1,Adenocarcinoma_lepidic
AACTCAAGTTAATTGC-1,Adenocarcinoma_lepidic
AACTTGCCCGTATGCA-1,Adenocarcinoma_lepidic
AAGACTGCAAGCTACT-1,
AAGAGATGAATCGGTA-1,Adenocarcinoma_lepidic
AAGAGCTCTTTATCGG-1,Fibrosis
AAGAGGATGTACGCGA-1,Adenocarcinoma_lepidic
AAGAGGCATGGATCGC-1,Fibrosis
AAGCTCGTGCCAAGTC-1,Adenocarcinoma_lepidic
AAGGAGCGGTTGGTGC-1,
AAGGATGAGGGACCTC-1,Fibrosis
AAGGCGCGTAAAGCTT-1,Adenocarcinoma_lepidic
AAGGCTGTGCTCATCG-1,Adenocarcinoma_lepidic
AAGGTATCCTAATATA-1,Vascular endothelium
AAGTAGTGACGCGAGG-1,Immune cells_lymphocytes
AAGTGACGACCGAATT-1,Adenocarcinoma_lepidic
AAGTTCAGTCTGCGTA-1,Non-maligant lung
AAGTTCGGCCAACAGG-1,Adenocarcinoma_lepidic
AATAACAACGCTCGGC-1,
AATACAATGTTTCAGG-1,
AATATTGGAGTATTGA-1,Adenocarcinoma_lepidic
AATCGCCTCAGCGCCA-1,Adenocarcinoma_lepidic
AATCTGCGTTGGGACG-1,
AATGACAGCAATGTCT-1,
AATGACTGTCAGCCGG-1,Adenocarcinoma_lepidic
AATGATGATACGCTAT-1,
AATGATGCGACTCCTG-1,
AATGCAACCGGGTACC-1,
AATGCACCAAGCAATG-1,
AATTCATAAGGGATCT-1,Adenocarcinoma_lepidic
ACAACAGCATGAGCTA-1,Adenocarcinoma_lepidic
ACAACGGTCCCTGCGA-1,Adenocarcinoma_lepidic
ACAAGCAGTGCCTAGC-1,
ACAAGGACAAGAGGTT-1,Adenocarcinoma_lepidic
ACAATAGTCGTACGTT-1,
ACAATCCATTTAAACC-1,
ACAATTTGAGCAGTGG-1,Fibrosis
ACACAAAGACGGGTGG-1,
ACACCCAGCATGCAGC-1,
ACACCTTAAGTAGGGC-1,Adenocarcinoma_lepidic
ACACGAGACTCCTTCT-1,Fibrosis
ACACGGGAACTTAGGG-1,Adenocarcinoma_lepidic
ACATCGGTCAGCCGCG-1,
ACCACAAGTTTCTATC-1,
ACCATATCCGCAATAA-1,Adenocarcinoma_lepidic
ACCATCGTATATGGTA-1,Adenocarcinoma_lepidic
ACCCAACGCCCGTGGC-1,
ACCCACCTACATGCTC-1,Adenocarcinoma_lepidic
ACCCATCTTGAGGGTA-1,Fibrosis
ACCCGGTTACACTTCC-1,
ACCGACTGAGTCCCAC-1,
ACCTAATCGACTTCCT-1,Adenocarcinoma_lepidic
ACGAAATGGGCGGCAC-1,
ACGAGTACGGATGCCC-1,
ACGATACATAGAACTA-1,
ACGATCATACATAGAG-1,
ACGATGCATATGTTAT-1,Adenocarcinoma_lepidic
ACGCATTCGTGAGTAC-1,Adenocarcinoma_lepidic
ACGCCGCTAGACGACC-1,
ACGCGCTACACAGGGT-1,Adenocarcinoma_lepidic
ACGCGGGCCAAGGACA-1,Adenocarcinoma_lepidic
ACGCTAGTGATACACT-1,
ACGGGAGTGTCGGCCC-1,Adenocarcinoma_lepidic
ACGTAGATTGCTGATG-1,Adenocarcinoma_lepidic
ACGTTAATGTCGAAGA-1,
ACGTTAGATTTGCCCG-1,Adenocarcinoma_lepidic
ACTACCAGCTCTCTGG-1,Adenocarcinoma_lepidic
ACTATATGCTGTGTTC-1,Non-maligant lung
ACTCAATAAAGGCACG-1,
ACTCGTAACCCGTCCT-1,
ACTCGTCAGTAATCCC-1,Fibrosis
ACTCTCTGACTTAGGT-1,
ACTCTTGTATAGTAAC-1,Adenocarcinoma_lepidic
ACTGTACGATACACAT-1,Fibrosis
ACTGTAGCACTTTGGA-1,Adenocarcinoma_lepidic
ACTGTCTTCTTTAGAA-1,Adenocarcinoma_lepidic
ACTTATTAGGATCGGT-1,
ACTTCGCCATACGCAC-1,Adenocarcinoma_lepidic
ACTTGACTCCCTCTTT-1,Adenocarcinoma_lepidic
ACTTGGGACCCGGTGG-1,Adenocarcinoma_lepidic
ACTTTCCTATAGCTTC-1,
AGAACGTGGTACATTC-1,Adenocarcinoma_lepidic
AGAAGGTTGCCGAATT-1,
AGAAGTGATTCGTGAT-1,
AGAATGCGGGTTCGGA-1,
AGACCATGGGATACAA-1,Immune cells_lymphocytes
AGACCCGCCCTCCTCG-1,Adenocarcinoma_lepidic
AGACTAGCCTTCCAGA-1,Immune cells_lymphocytes
AGAGAACCGTCTAGGA-1,
AGAGCGTACAAGCTCG-1,Adenocarcinoma_lepidic
AGATAACTTCAGGGCC-1,Adenocarcinoma_lepidic
AGATACCGGTGTTCAC-1,
AGATCGTGCATAAGAT-1,Adenocarcinoma_lepidic
AGATCTCAGGTGTGAT-1,Fibrosis
AGCACCAGTACTCACG-1,Adenocarcinoma_lepidic
AGCACTTAAGGACGCC-1,
AGCATCGTCGATAATT-1,Immune cells_lymphocytes
AGCCACTCCCGTGCTT-1,Adenocarcinoma_lepidic
AGCCCATACATGTAAG-1,Adenocarcinoma_lepidic
AGCCCTTCTAATCCGA-1,Non-maligant lung
AGCGACCAACGATATT-1,Adenocarcinoma_lepidic
AGCGCGGGTGCCAATG-1,
AGCTAGAAGCAGAAGT-1,Adenocarcinoma_lepidic
AGCTCTAGACGTTCCA-1,
AGCTCTTTACTCAGTT-1,
AGCTTGATCTTAACTT-1,Adenocarcinoma_lepidic
AGGACGACCCATTAGA-1,
AGGACGCTCGATGTTG-1,Adenocarcinoma_lepidic
AGGCAGATGCGTAAAC-1,Non-maligant lung
AGGCCACCCGTTATGA-1,Adenocarcinoma_lepidic
AGGCCCTAGAACGCCA-1,Adenocarcinoma_lepidic
AGGCTATGGTTAGCTT-1,Adenocarcinoma_lepidic
AGGCTTGCTAGACACC-1,Adenocarcinoma_lepidic
AGGGTGCTCTCGAGGG-1,
AGGGTTCCCTTTGGTT-1,
AGGGTTTAGTTCGGGA-1,Adenocarcinoma_lepidic
AGGTAGGTACAAAGCT-1,Adenocarcinoma_lepidic
AGGTCGCGGAGTTACT-1,
AGGTTGAGGCACGCTT-1,
AGGTTTCACACACCTT-1,
AGTACCTTCGAGTGCT-1,Non-maligant lung
AGTATAATACTAGGCA-1,Adenocarcinoma_lepidic
AGTCAACACCACCATC-1,
AGTCCCGCCTTTAATT-1,Adenocarcinoma_lepidic
AGTCGGCCCAAACGAC-1,
AGTCTTCTCCTCAAAT-1,Adenocarcinoma_lepidic
AGTGAGACTTCCAGTA-1,Adenocarcinoma_lepidic
AGTGAGCCTCGCCGCC-1,
AGTGATATGAGTAGTT-1,Adenocarcinoma_lepidic
AGTGATTCAAGCAGGA-1,Adenocarcinoma_lepidic
AGTGCGTAGCTCGTAA-1,Adenocarcinoma_lepidic
AGTGGCGGCAATTTGA-1,Fibrosis
AGTGTATTGCGCATTG-1,Adenocarcinoma_lepidic
AGTGTGGTCTATTGTG-1,
AGTTAAACACTTGCGA-1,Adenocarcinoma_lepidic
AGTTACCGCACATGGT-1,Adenocarcinoma_lepidic
AGTTCCTACAGAATTA-1,Adenocarcinoma_lepidic
AGTTCCTATTTATGTT-1,Adenocarcinoma_lepidic
AGTTTGGCCAGACCTA-1,
ATAAAGGCTCGGTCGT-1,
ATAAATATTAGCAGCT-1,
ATAACGCCGGAGGGTC-1,Fibrosis
ATAACGGAGTCCAACG-1,Adenocarcinoma_lepidic
ATAAGTAGGATTCAGA-1,
ATAATAGTGTAGGGAC-1,
ATACCACGGGCAACTT-1,
ATACGCCGGCGAAACC-1,Adenocarcinoma_lepidic
ATACGGGTTTCGATTG-1,
ATAGACAACGGGACCT-1,Adenocarcinoma_lepidic
ATAGACGAAGAGAAAG-1,Adenocarcinoma_lepidic
ATAGAGTACTGGGACA-1,Adenocarcinoma_lepidic
ATAGGCGGCTATAGAA-1,Adenocarcinoma_lepidic
ATAGGCTAGCTTCGCA-1,
ATAGGTTGGGCAGATG-1,Adenocarcinoma_lepidic
ATAGTGAAGCGTTCTC-1,
ATATCTTAGGGCCTTC-1,
ATATTCAGTTAAACCT-1,
ATCAAACGAAGGTTTG-1,
ATCAATCTGGGCTGCA-1,Adenocarcinoma_lepidic
ATCACGTGCTAATTAA-1,
ATCAGACGGCACGCCG-1,
ATCAGTAGGCAGGGAT-1,
ATCCAACGCAGTCATA-1,Adenocarcinoma_lepidic
ATCCAATGGAGGGTCC-1,Vascular endothelium
ATCCTACCTAAGCTCT-1,Adenocarcinoma_lepidic
ATCCTGAATCGCTGCG-1,
ATCCTGCGTGGAATGG-1,Adenocarcinoma_lepidic
ATCGACCCAATACAGA-1,
ATCGCACGCCGGGAGA-1,
ATCGGCAAGCAGTCCA-1,
ATCTGCACCTCTGCGA-1,
ATCTGGTTAAGACTGT-1,Vascular endothelium
ATCTTGACCTGCAACG-1,Adenocarcinoma_lepidic
ATGAAGCCAAGGAGCC-1,Adenocarcinoma_lepidic
ATGAGGAGTGTTAATC-1,Adenocarcinoma_lepidic
ATGATGCAATGGTACA-1,Adenocarcinoma_lepidic
ATGCACTACCGCATTG-1,
ATGCATGATCCAGGAT-1,
ATGCCAATCGCTCTGC-1,Non-maligant lung
ATGCCGGTCTTGCATA-1,Adenocarcinoma_lepidic
ATGCGACAGTCCCATT-1,Adenocarcinoma_lepidic
ATGCTCAGTGTTGCAT-1,
ATGGAGCAGGCCGTGA-1,
ATGGATTGACCAAACG-1,
ATGTGAAAGCCTAATG-1,
ATTAATACTACGCGGG-1,
ATTAATGAACCAGTCG-1,Adenocarcinoma_lepidic
ATTACGCGCTGGCAGG-1,
ATTACTTACTGGGCAT-1,Fibrosis
ATTAGATTCCTCAGCA-1,
ATTAGGCGATGCTTTC-1,
ATTCAGGACCTATTTC-1,Adenocarcinoma_lepidic
ATTCAGTAGCAGGGTC-1,
ATTCCCACATAAACAA-1,
ATTCCTCCGCCAGTGC-1,Adenocarcinoma_lepidic
ATTCGACGCCGGGCCT-1,Adenocarcinoma_lepidic
ATTGCTGCTCCTCCAT-1,Adenocarcinoma_lepidic
ATTGTGACTTCGCTGC-1,Non-maligant lung
ATTTACAGTTTACTGG-1,Adenocarcinoma_lepidic
ATTTGTCTTGGGAGCT-1,
CAAACGGTCGCACTTT-1,Adenocarcinoma_lepidic
CAAATCTCTCACAAGG-1,Adenocarcinoma_lepidic
CAAGCAACGTCGGAGT-1,Adenocarcinoma_lepidic
CAAGGATCGCATGTTC-1,
CAATAAACCTTGGCCC-1,Adenocarcinoma_lepidic
CAATGGATCTCTACCA-1,Fibrosis
CAATTAAGGGTGATGA-1,Fibrosis
CACAATGAGCTGCTAT-1,Adenocarcinoma_lepidic
CACACAGGGATAGATT-1,
CACACGCGCTGTCTTA-1,Fibrosis
CACAGCACCCACGGCA-1,Adenocarcinoma_lepidic
CACCCTTGGTGAGACC-1,
CACCGCCAGAAGGTTT-1,
CACCGCGTCCACTCTA-1,Non-maligant lung
CACCGTTGCGCGATAT-1,Adenocarcinoma_lepidic
CACCTTGCGAAACTCG-1,
CACGAAAGTTAGTCCC-1,Immune cells_lymphocytes
CACGCACAGCGCAGCT-1,Adenocarcinoma_lepidic
CACGCAGCGAGGCTTT-1,Adenocarcinoma_lepidic
CACGGCGCGCCAAAGG-1,Non-maligant lung
CACGTTCGTGCTCTAG-1,Fibrosis
CACTAAAGTTGCCTAT-1,
CACTCAAGAGCTATGG-1,Adenocarcinoma_lepidic
CACTTAATCAGACGGA-1,
CACTTCGCCACAGGCT-1,
CAGAGCATGAGCTTGC-1,Adenocarcinoma_lepidic
CAGATACTAACATAGT-1,Adenocarcinoma_lepidic
CAGATCATTTAAAGTC-1,
CAGCAGCCCGTTCCTT-1,Fibrosis
CAGCCTCCTGCAGAGG-1,Adenocarcinoma_lepidic
CAGCTCACTGAGACAT-1,
CAGCTCGACAAGTTAA-1,
CAGCTTAGTAGGTAGC-1,Adenocarcinoma_lepidic
CAGGCCGTTTGGGTGT-1,Adenocarcinoma_lepidic
CAGTAACTATTTATTG-1,Adenocarcinoma_lepidic
CAGTAATCCCTCCCAG-1,Adenocarcinoma_lepidic
CAGTACATTCTCTAAA-1,Adenocarcinoma_lepidic
CAGTAGCCCACGCGGT-1,
CAGTCGAGGATGCAAT-1,Vascular endothelium
CAGTCTGTATACTGGG-1,Adenocarcinoma_lepidic
CAGTGAATAAATGACT-1,
CAGTTCAAATTGACAC-1,Adenocarcinoma_lepidic
CAGTTCCGCGGGTCGA-1,
CATACCCGTACCCAGT-1,
CATACGGCGTCTGGGC-1,
CATACTATGTAATTGT-1,
CATAGCCGCCCGGGAT-1,
CATAGTCCACAAGAAC-1,Adenocarcinoma_lepidic
CATATACTACTGATAA-1,Non-maligant lung
CATATAGGTACAGTCA-1,Adenocarcinoma_lepidic
CATATGTCAGGCTACG-1,
CATCGGACGGGTTAAT-1,Adenocarcinoma_lepidic
CATCGTCCGGTTACTA-1,
CATGCCAACTCGCAAA-1,
CATGCGACCAGTTTAA-1,
CATGGTCTAGATACCG-1,Adenocarcinoma_lepidic
CATTATGCTTGTTGTG-1,Adenocarcinoma_lepidic
CATTTAGCGGACCATG-1,Non-maligant lung
CCAAACAGAACCCTCG-1,Adenocarcinoma_lepidic
CCAACGATGCACTGAT-1,
CCAAGCGTAACTCGTA-1,
CCAATAGTGCCGTCGA-1,Adenocarcinoma_lepidic
CCAATTACGGGTCGAG-1,Adenocarcinoma_lepidic
CCACCCAAGGAAAGTG-1,
CCACGGAGCCATAAGA-1,Adenocarcinoma_lepidic
CCACTGGTGGCTGGTT-1,
CCAGAGACAAAGCCGG-1,Adenocarcinoma_lepidic
CCAGATAGTTGAGTGA-1,Fibrosis
CCAGCTGATGGTACTT-1,Adenocarcinoma_lepidic
CCAGGGACGTGGCCTC-1,Adenocarcinoma_lepidic
CCAGTCTAGACGGCGC-1,
CCATGCTCTGCAGGAA-1,
CCATGGCCCTTGTACC-1,
CCATTAGCGATAATCC-1,Adenocarcinoma_lepidic
CCATTCCCTGCCCACA-1,Adenocarcinoma_lepidic
CCCAAACATGCTGCTC-1,
CCCAACATACGTCGCG-1,Adenocarcinoma_lepidic
CCCAATTTCACAACTT-1,Adenocarcinoma_lepidic
CCCAGAGGAGGGCGTA-1,Adenocarcinoma_lepidic
CCCAGTTAAGGCGCCG-1,
CCCGGTGGAAGAACCT-1,Fibrosis
CCCGTAAGTCTAGGCC-1,Adenocarcinoma_lepidic
CCCGTCAGCGTCTGAC-1,Adenocarcinoma_lepidic
CCCTGAAATGAGTTGA-1,Adenocarcinoma_lepidic
CCCTGCGCTACGCATA-1,Adenocarcinoma_lepidic
CCGAAGTATATTGTTC-1,Adenocarcinoma_lepidic
CCGACAAAGGGAGTGC-1,Adenocarcinoma_lepidic
CCGATTCGAGGGACCC-1,
CCGCACAAAGACCAAC-1,Adenocarcinoma_lepidic
CCGCACGTGACCTCGG-1,Adenocarcinoma_lepidic
CCGCCTGCGAATTGGT-1,Non-maligant lung
CCGCGGGTACGAAGAA-1,Adenocarcinoma_lepidic
CCGCGTAGGTAAGGGC-1,Adenocarcinoma_lepidic
CCGCTTACCTCACTCT-1,
CCGGAATGGTTTCAGT-1,
CCGGGCGGTCTCGTCA-1,
CCGGGCTGCTCCATAC-1,Adenocarcinoma_lepidic
CCGGGTTCGAGGTTAC-1,Adenocarcinoma_lepidic
CCGTAAGTTGGTCCCA-1,
CCGTGGAACGATCCAA-1,
CCGTGTTAAATTCCAT-1,
CCGTTCCGAATCTCGG-1,
CCTAAATTAACGGTTC-1,Adenocarcinoma_lepidic
CCTAACTAAGGCTCTA-1,Adenocarcinoma_lepidic
CCTACTGCTTACACTT-1,Adenocarcinoma_lepidic
CCTATGGGTTACCGTC-1,Immune cells_lymphocytes
CCTCACCTGAGGGAGC-1,
CCTCACCTTAGCATCG-1,
CCTCCGACAATTCAAG-1,Adenocarcinoma_lepidic
CCTCGCGCGATATAGG-1,Adenocarcinoma_lepidic
CCTCTAATCTGCCAAG-1,Adenocarcinoma_lepidic
CCTCTCTCCCATCTAG-1,Adenocarcinoma_lepidic
CCTGAACGATATATTC-1,
CCTGAATATTTACATA-1,Adenocarcinoma_lepidic
CCTGCTATTTGAGAAG-1,
CCTGGCTAGACCCGCC-1,Adenocarcinoma_lepidic
CCTGTAAGACATGATA-1,Adenocarcinoma_lepidic
CCTGTACTCACGCCCA-1,Adenocarcinoma_lepidic
CCTGTCACCCGGGCTC-1,Fibrosis
CCTTTCAATGAAGAAA-1,
CGAAACGCAATTCATG-1,Adenocarcinoma_lepidic
CGAAGCTATAAATTCA-1,
CGAAGTTGCTCTGTGT-1,Adenocarcinoma_lepidic
CGAGAGATGTGAACCT-1,Adenocarcinoma_lepidic
CGAGCACTTCAAGTTT-1,Fibrosis
CGAGGCTAAATATGGC-1,Adenocarcinoma_lepidic
CGAGGGACTGCGGTCG-1,Adenocarcinoma_lepidic
CGAGTACTAAAGAGGA-1,Adenocarcinoma_lepidic
CGAGTTCTGTCCCACC-1,Fibrosis
CGATCTGTTGGAGGAC-1,Adenocarcinoma_lepidic
CGATGGACCCTACGCC-1,Fibrosis
CGCAAACACGAGTTAC-1,Adenocarcinoma_lepidic
CGCAATTACTTTCGGT-1,Adenocarcinoma_lepidic
CGCAATTAGGGTAATA-1,Immune cells_lymphocytes
CGCAATTCTACAATAA-1,
CGCATGGTGCGATGCT-1,
CGCATTAGCTAATAGG-1,
CGCCATCCGATTATGA-1,Fibrosis
CGCCCTTGAAGGCTGA-1,Adenocarcinoma_lepidic
CGCCGCCCATGCCTGT-1,Adenocarcinoma_lepidic
CGCCTCCCTCCTCTAT-1,
CGCCTGGCCTACGTAA-1,Adenocarcinoma_lepidic
CGCGACACTGCGCAGC-1,
CGCGAGAGGGACTTGT-1,Non-maligant lung
CGCGCCCGACTTAATA-1,
CGCGGGAATTAGGCAG-1,
CGCGGTCACAAACCAA-1,Non-maligant lung
CGCGTTCATGAAATAC-1,Adenocarcinoma_lepidic
CGCTATTCAATGTATG-1,Adenocarcinoma_lepidic
CGCTCGACATAATGAT-1,Adenocarcinoma_lepidic
CGCTCTCCGTAGATTA-1,Adenocarcinoma_lepidic
CGCTGTGACGCCGCAC-1,
CGCTTATTCCCGGTCG-1,Adenocarcinoma_lepidic
CGCTTTCTTGCATTCG-1,
CGGAGCATGGCGATCC-1,
CGGAGTTTGAGAGACA-1,Adenocarcinoma_lepidic
CGGCAGGGTCGGGTTG-1,
CGGGCAGCTAAACCGC-1,
CGGGCCTTCTTTGTAA-1,
CGGGTGTACCCATTTA-1,Adenocarcinoma_lepidic
CGGTAGAGGTGCAGGT-1,Adenocarcinoma_lepidic
CGGTCAAGTGGGAACC-1,Vascular endothelium
CGGTGAAGACTAAAGT-1,Adenocarcinoma_lepidic
CGGTGCAGATAGAACG-1,Adenocarcinoma_lepidic
CGGTGGGCTCCAGCCT-1,Non-maligant lung
CGGTTATCCAACAGTG-1,
CGGTTCAAGTAGGTGT-1,
CGGTTGACCTGGCATA-1,Adenocarcinoma_lepidic
CGTACCTGATAGGCCT-1,
CGTGAAGTTAATTCAC-1,Adenocarcinoma_lepidic
CGTGCAGACTGGGACA-1,Adenocarcinoma_lepidic
CGTGCATTGTCGACGC-1,
CGTGCCCTCCCGAAGA-1,
CGTGTCCCATTCGCGA-1,Adenocarcinoma_lepidic
CGTTGAGCGACCGTCG-1,
CGTTGTTTCAATTCCC-1,Adenocarcinoma_lepidic
CGTTTCGCTCATTACA-1,
CTAAAGAATGCCTACT-1,Fibrosis
CTAAAGGGAAATAGGA-1,
CTAAATCCTATTCCGG-1,Non-maligant lung
CTAACCGCGCGCCCGT-1,Adenocarcinoma_lepidic
CTAACGAAACTTGCTG-1,
CTAAGGGAATGATTGG-1,
CTAATTCGCACGCGCT-1,
CTAATTCTCAGATATT-1,
CTAATTTCAACAACAC-1,Immune cells_lymphocytes
CTACCCTAAGGTCATA-1,
CTACGACTAGCTATAA-1,
CTACTATCTTTCAGAG-1,
CTACTCTAGGCCCGGC-1,Adenocarcinoma_lepidic
CTACTGCCACCTGACC-1,Adenocarcinoma_lepidic
CTAGATTTACGACGGC-1,Adenocarcinoma_lepidic
CTAGCATAGTATAATG-1,
CTAGCCGATGTTATGA-1,Adenocarcinoma_lepidic
CTAGTCACGTCTTAAG-1,Adenocarcinoma_lepidic
CTAGTGAAGGACAGGA-1,Adenocarcinoma_lepidic
CTAGTTGGGCCCGGTA-1,Adenocarcinoma_lepidic
CTATCGGGTCTCAACA-1,Adenocarcinoma_lepidic
CTATGTCACTAGCCCA-1,Fibrosis
CTATTGTGTTTGGTCA-1,Non-maligant lung
CTATTTGGTTACGGAT-1,Adenocarcinoma_lepidic
CTCAAGACATTAGCGC-1,Non-maligant lung
CTCACTTGGCTGGTAA-1,Adenocarcinoma_lepidic
CTCAGTCACGACAAAT-1,
CTCCGCCCACATGAGG-1,
CTCGAGGTCGAACAGT-1,
CTCGATATTTGCGAGC-1,
CTCGCACCTATATAGT-1,Adenocarcinoma_lepidic
CTCGGTACCACTGCTC-1,
CTCGTTTCTAATGTTT-1,
CTCTCACAATCGATGA-1,Adenocarcinoma_lepidic
CTCTGGACGCCTGGTG-1,Adenocarcinoma_lepidic
CTGAATTTATTGCCAG-1,
CTGCCAAGGTTGGAAG-1,
CTGCGGGTGAAATGTT-1,Adenocarcinoma_lepidic
CTGCTGAGGCCACGAA-1,
CTGGAAATGGATGCTT-1,
CTGGCATCCGAATGAG-1,Adenocarcinoma_lepidic
CTGGGATAAATAATGG-1,Adenocarcinoma_lepidic
CTGGGCCTGCTATATC-1,Adenocarcinoma_lepidic
CTGGGTAGGCAGTTAA-1,
CTGGTAACGAGCTCTT-1,
CTGGTCATTCCAATCC-1,
CTGTATGGTGTAGAAA-1,Adenocarcinoma_lepidic
CTGTCAAATGGCTCGG-1,
CTGTGCAGGGTAGGTC-1,Adenocarcinoma_lepidic
CTGTTCATCTCACGGG-1,Adenocarcinoma_lepidic
CTTACACGGTATTCCA-1,Adenocarcinoma_lepidic
CTTAGCCTTCCACATG-1,
CTTCTATGTTGAAGTA-1,
CTTGCAACCGCCTCCT-1,Vascular endothelium
CTTGTACTTGTTGACT-1,
CTTGTGCTCACCGATT-1,Adenocarcinoma_lepidic
CTTGTTGCTGAGTCAA-1,
CTTGTTTATGTAGCCA-1,Adenocarcinoma_lepidic
CTTTAACTTTCAAAGG-1,
CTTTGGCTTTAGTAAA-1,
GAAACTCGTGCGATGC-1,Adenocarcinoma_lepidic
GAAAGCCCTTTGGACC-1,Adenocarcinoma_lepidic
GAAAGTGACTAACTGC-1,Adenocarcinoma_lepidic
GAAATATCACCATCAG-1,Adenocarcinoma_lepidic
GAAATGGCGGTGTTAG-1,Adenocarcinoma_lepidic
GAAATTAGCACGGATA-1,Adenocarcinoma_lepidic
GAAATTGTCTCTATAA-1,Adenocarcinoma_lepidic
GAACACACATCAACCA-1,
GAACGTCTCATGGTCG-1,Fibrosis
GAACTTGTGCACGGGA-1,
GAAGCGTGAGGAATTT-1,Adenocarcinoma_lepidic
GAAGCTTGCTGACCGC-1,
GAAGTTTCCACTCAAT-1,Adenocarcinoma_lepidic
GAATCGACATGGTCAC-1,Adenocarcinoma_lepidic
GAATCTGAACATTCTC-1,
GAATGTGGTCCGGATT-1,
GAATGTTGGGTAATCT-1,Adenocarcinoma_lepidic
GAATTATAGTGAAAGG-1,
GAATTTCTCGCTGCAG-1,
GACAACGACCATTGAA-1,Vascular endothelium
GACACAAGGGAAGAAA-1,Adenocarcinoma_lepidic
GACACGAGTTAGAGGA-1,Adenocarcinoma_lepidic
GACAGGCACACACTAT-1,Adenocarcinoma_lepidic
GACCAGAGCCCTGTAG-1,Adenocarcinoma_lepidic
GACCGTGCTGACGGTG-1,Adenocarcinoma_lepidic
GACGCTTGCTTCTAAA-1,Adenocarcinoma_lepidic
GACGTGTAGGGATTAT-1,Adenocarcinoma_lepidic
GACTAAGATCATGCAC-1,
GACTAAGTAGGCTCAC-1,
GACTCGCGGGAATGAC-1,Adenocarcinoma_lepidic
GACTGCGGCACGTGTA-1,Adenocarcinoma_lepidic
GAGACCCTGCAACGCC-1,Non-maligant lung
GAGACTGATGGGTAGA-1,
GAGAGGGCGCGAGGTT-1,Adenocarcinoma_lepidic
GAGAGGTGCATTCTGG-1,Vascular endothelium
GAGATCTGCTTGGCAT-1,Adenocarcinoma_lepidic
GAGATCTGTCACTCCG-1,Fibrosis
GAGCCGAGCGTTTATT-1,Non-maligant lung
GAGCTAAGGGCATATC-1,
GAGGAATGGAGAGGTT-1,Adenocarcinoma_lepidic
GAGGCTATCAAAGTCG-1,Adenocarcinoma_lepidic
GAGGGCGCAGCTCTGC-1,
GAGGTCCCAAAGATCT-1,
GATACGATGGGAGTCA-1,Adenocarcinoma_lepidic
GATATGAGACACTAAC-1,
GATATGGATTACGCGG-1,Adenocarcinoma_lepidic
GATCCCTTTATACTGC-1,Adenocarcinoma_lepidic
GATCCGGGAATTAACA-1,Adenocarcinoma_lepidic
GATCCTAAATCGGGAC-1,
GATCGACACTATCTGA-1,Adenocarcinoma_lepidic
GATCGCGGGCTCTCCA-1,
GATCGGTGGCCATAAC-1,Immune cells_TLS/BALT
GATCGTGACTGATATC-1,Adenocarcinoma_lepidic
GATCTTGGAGGGCATA-1,
GATCTTTGCAGGGTAT-1,Adenocarcinoma_lepidic
GATGCCAGCAGAAGGC-1,Adenocarcinoma_lepidic
GATGCTGTATTTCATC-1,
GATGGCGCACACATTA-1,Adenocarcinoma_lepidic
GATGTTCAATCCACGA-1,
GATGTTTGTGCGAGAT-1,Adenocarcinoma_lepidic
GATTACTGAATTTGGG-1,
GATTCCCTTGTCGCAG-1,Adenocarcinoma_lepidic
GATTCCTATACGGCGC-1,Adenocarcinoma_lepidic
GATTCGACGGTTCACG-1,Adenocarcinoma_lepidic
GCAAATATTACGCTTT-1,Adenocarcinoma_lepidic
GCAACCACGGCCGCGT-1,
GCAAGAATTCCTTGGC-1,Adenocarcinoma_lepidic
GCAAGATGTGTTCGCG-1,Non-maligant lung
GCAAGTGCACAGAGAA-1,Adenocarcinoma_lepidic
GCAGATCCTCGCAAAT-1,
GCAGCACACAGCCCAG-1,Adenocarcinoma_lepidic
GCAGGACTATAGAATA-1,Adenocarcinoma_lepidic
GCAGGTAGAGTATGGT-1,Adenocarcinoma_lepidic
GCATGAGGGACGCGGC-1,
GCCAATAGGGCATCTC-1,
GCCACAATTTAAGGAC-1,
GCCCAGTTGGTATGCC-1,Adenocarcinoma_lepidic
GCCCGCGCGTTTGACA-1,
GCCCGTAATACCTTCT-1,Fibrosis
GCCGAAATTCCTACGT-1,Adenocarcinoma_lepidic
GCCGGGTTAGGGTCGC-1,
GCCTAGCGATCTGACC-1,Adenocarcinoma_lepidic
GCCTATAGTGTCAGGG-1,Fibrosis
GCCTATTCCGATATAG-1,
GCGAAGCCATACCCGT-1,Adenocarcinoma_lepidic
GCGATTGTTAACGTTA-1,Adenocarcinoma_lepidic
GCGCATCCAGTCAGCA-1,
GCGCCGTTCCACGATA-1,
GCGCTAATTGAATAGA-1,Adenocarcinoma_lepidic
GCGCTATGCCGAGGCA-1,
GCGCTGCTTTGCATTT-1,Adenocarcinoma_lepidic
GCGGCTCTGACGTACC-1,
GCGGTGAACTGCGCTC-1,Adenocarcinoma_lepidic
GCGTCTCTGCATTGGG-1,Adenocarcinoma_lepidic
GCGTTCGGAGACCGGG-1,Adenocarcinoma_lepidic
GCTAAACCTGAGGTGA-1,Fibrosis
GCTAAGTAGTTTCTCT-1,
GCTAATACCGAATGCC-1,Adenocarcinoma_lepidic
GCTACGACTTATTGGG-1,Adenocarcinoma_lepidic
GCTAGCAGGGAGTGGG-1,Non-maligant lung
GCTAGTAGAGCTTGTA-1,Adenocarcinoma_lepidic
GCTATCGCGGCGCAAC-1,
GCTCGCGGTTCCGCTC-1,
GCTCGGAATTTAAAGC-1,
GCTCTAAACCCTGACG-1,
GCTCTATGTTACGTGC-1,Adenocarcinoma_lepidic
GCTCTCGGGTACCGAA-1,
GCTGAGGCGTGAGTAT-1,
GCTGCACGGTTTCTTA-1,Adenocarcinoma_lepidic
GCTGCTCTCCGGACAC-1,Adenocarcinoma_lepidic
GCTGGACCCAAAGTGG-1,Non-maligant lung
GCTGGCATATTCACCT-1,Adenocarcinoma_lepidic
GCTGTATTACTGGCCC-1,Adenocarcinoma_lepidic
GCTTATGAAGCAGGAA-1,
GCTTCCGTCCCTAGAC-1,Fibrosis
GCTTGATGATAATCAG-1,
GCTTGGATCGATTAGG-1,
GGAACGGCCTGCAGCC-1,
GGAGAAGTCATTGGCA-1,Adenocarcinoma_lepidic
GGAGACGACACCTTTG-1,
GGAGCACCAAGAACTA-1,
GGAGGGCTTGGTTGGC-1,Adenocarcinoma_lepidic
GGATCATCCCGTACGC-1,Non-maligant lung
GGATCCGGAATATACT-1,
GGATCTTGACTCAACC-1,
GGATGCTGGCGTTCCT-1,
GGATTCAGTACGGTGG-1,
GGCAAATTACTTTACT-1,
GGCAATAGTCAATGAG-1,Fibrosis
GGCACTCCACTGGGCA-1,Adenocarcinoma_lepidic
GGCAGCGGTAATCCTA-1,Non-maligant lung
GGCATACAGGTAGCGG-1,Adenocarcinoma_lepidic
GGCCCTCACCCACTTA-1,Adenocarcinoma_lepidic
GGCGCAGGACATCTTC-1,
GGCGCATGAATTGATG-1,
GGCGGAGTAATATTAG-1,
GGCGGTAGGATCATTG-1,Adenocarcinoma_lepidic
GGCGTCCTATCCGCTG-1,Adenocarcinoma_lepidic
GGCTAAAGGGCGGGTC-1,
GGCTATTAAGTTGTAT-1,Adenocarcinoma_lepidic
GGCTCGCGTTGAGGTA-1,
GGCTCGTGCCACCAGC-1,Adenocarcinoma_lepidic
GGCTCTGCTCCAACGC-1,
GGGAACGGGAGGTTAG-1,Adenocarcinoma_lepidic
GGGACTGCATAGATAG-1,
GGGAGAACTCACAGTA-1,Adenocarcinoma_lepidic
GGGAGTTAATGAGGCG-1,
GGGCCCGTCTTAAACA-1,Adenocarcinoma_lepidic
GGGCCGGCCGAAGTAC-1,
GGGCGATATGTGTGAA-1,Adenocarcinoma_lepidic
GGGCGGGTTCCCTACG-1,
GGGCGTACATTTATAT-1,Adenocarcinoma_lepidic
GGGCTGCCTAGGGCGA-1,Adenocarcinoma_lepidic
GGGCTGGTTAGTCGCG-1,
GGGTACTTCATGAACT-1,Adenocarcinoma_lepidic
GGGTATGTATGCACTT-1,Adenocarcinoma_lepidic
GGGTCACCGTGACGGT-1,
GGGTCATGCGTACCAT-1,
GGTACAAACATGCTAT-1,Adenocarcinoma_lepidic
GGTACATCTGGGACGA-1,
GGTAGTGCTCGCACCA-1,Adenocarcinoma_lepidic
GGTATTGCCGAGTTTA-1,
GGTCGGATAAACGGCG-1,
GGTCTGAGAATCTGGA-1,
GGTGATAAGGAGCAGT-1,
GGTGCAGAGCCTATCG-1,Non-maligant lung
GGTGCTGATCACAAAG-1,
GGTGCTGGTACACATT-1,
GGTTACCACCCTCGGG-1,
GGTTAGGCTTGGAGAA-1,Adenocarcinoma_lepidic
GGTTAGTTACGGCGCC-1,
GGTTTACAATCTCAAT-1,Fibrosis
GGTTTCAATCGGTCAG-1,Fibrosis
GTAAGCGGGCAGTCAG-1,
GTAAGTAACAGTCTGG-1,
GTAAGTAGGGTATACC-1,
GTACAGAGGCAAGGGT-1,
GTACGTCACGTATTAA-1,Non-maligant lung
GTACGTTTGCCCGTCA-1,
GTACTCCCTTATCGCT-1,
GTACTCCTGGGTATGC-1,Vascular endothelium
GTACTGGAGTTAGACC-1,Fibrosis
GTAGAAACGGGTGGAG-1,Adenocarcinoma_lepidic
GTAGCGGCTATACACT-1,Adenocarcinoma_lepidic
GTAGCTTCCTCTTGTT-1,
GTATCAGCTTGGGTTC-1,Adenocarcinoma_lepidic
GTATTAAGGCGTCTAA-1,Adenocarcinoma_lepidic
GTCAAGCGGACTCGGG-1,Adenocarcinoma_lepidic
GTCACTCTCCAAATCT-1,
GTCAGAATAGTCTATG-1,Adenocarcinoma_lepidic
GTCATGCACCTCCGTT-1,
GTCATGGACATGACTA-1,Adenocarcinoma_lepidic
GTCATTAGAGCGAACG-1,
GTCCCAACGTAAAGTA-1,Adenocarcinoma_lepidic
GTCCGGCTGAATTGCG-1,Adenocarcinoma_lepidic
GTCGCGTAACCCGTTG-1,Adenocarcinoma_lepidic
GTCGGATATCTCAGAC-1,Adenocarcinoma_lepidic
GTCGTATTGGCGTACA-1,Adenocarcinoma_lepidic
GTCTATCTGAGTTTCT-1,Adenocarcinoma_lepidic
GTCTCGATCTGCTTTC-1,
GTGAAACGGCGCCACC-1,Non-maligant lung
GTGAAGATTTCAAGTG-1,Adenocarcinoma_lepidic
GTGAAGCCGTATAGTC-1,Adenocarcinoma_lepidic
GTGAGCGTGCTGCACT-1,Adenocarcinoma_lepidic
GTGAGGACACTTAAGG-1,Adenocarcinoma_lepidic
GTGCCATCACACGGTG-1,
GTGCCCGTTCGGATTC-1,
GTGCGAAATCGAACAC-1,Adenocarcinoma_lepidic
GTGCGTGTATATGAGC-1,
GTGCTCAAGTACTGTC-1,
GTGGACCAACCCGATT-1,
GTGGGCTTAGACACAC-1,Adenocarcinoma_lepidic
GTGGTTTCCGCCTTTC-1,
GTGTTACTATGCGTCC-1,Adenocarcinoma_lepidic
GTTACAATTGGTGACG-1,Adenocarcinoma_lepidic
GTTACTTTGGGCCTAG-1,Adenocarcinoma_lepidic
GTTATTAACGTGGGAG-1,
GTTCACAGGAGTCTAG-1,Adenocarcinoma_lepidic
GTTCGCCATAAGTGCC-1,
GTTGAACCGGTTCCAT-1,
GTTGCACGGAGTTTCG-1,Adenocarcinoma_lepidic
GTTGGATTCAGTGGCT-1,Non-maligant lung
GTTGGATTGAGAACAC-1,Fibrosis
GTTTCATATCGTCGCT-1,Adenocarcinoma_lepidic
GTTTCCTGGAGGGTGA-1,
GTTTCTGCAGTCTCCC-1,Adenocarcinoma_lepidic
GTTTGACCAAATCCTA-1,Adenocarcinoma_lepidic
GTTTGGCCCAAGTTAT-1,
TAAAGCGTTAGGAGAA-1,
TAAAGCTGCAATAGGG-1,Adenocarcinoma_lepidic
TAAATGAATCCGTTTC-1,Adenocarcinoma_lepidic
TAAATGCCGTCTCATG-1,Non-maligant lung
TAACAAAGGGAGAAGC-1,Adenocarcinoma_lepidic
TAACATACAATGTGGG-1,Adenocarcinoma_lepidic
TAACGCTTTGAGAGCG-1,Adenocarcinoma_lepidic
TAACTATCGAAGGTCC-1,
TAACTCATCCGCGCGG-1,Adenocarcinoma_lepidic
TAACTCCATGGAGGCT-1,Immune cells_lymphocytes
TAAGGCAACATAAGAT-1,Adenocarcinoma_lepidic
TAAGTAACATCTTGAC-1,Adenocarcinoma_lepidic
TAATAGTGACGACCAG-1,Fibrosis
TAATCGATCCGTACGT-1,
TAATGAAAGACCCTTG-1,Adenocarcinoma_lepidic
TAATTGGAATCGGGAA-1,Non-maligant lung
TACAAGTCTCGTGCAT-1,
TACATAGGCATACACC-1,
TACATTTCTAACGTGC-1,
TACCGGTCGTTTCCAT-1,Adenocarcinoma_lepidic
TACCTGCTGCACTGTG-1,
TACCTTAAGATTTCCC-1,
TACGACTGCCTCTTAG-1,
TACGAGAACTTCACGT-1,Adenocarcinoma_lepidic
TACGATGTTGATCATC-1,Adenocarcinoma_lepidic
TACGCAGTTCTTTCCT-1,
TACGCCATATTCTAAT-1,Adenocarcinoma_lepidic
TACGGGATGCTAGCAG-1,
TACGTGCACTATGCTG-1,Adenocarcinoma_lepidic
TACGTTTACCGGCAAT-1,
TACTCTCCGAACAAAT-1,
TACTGCAATCAATTAC-1,Adenocarcinoma_lepidic
TACTGGACAGCTCGGC-1,Adenocarcinoma_lepidic
TACTTGTTAGTAGTCC-1,
TACTTTACTGAGCCGG-1,
TAGAAAGGTGGCGCTA-1,
TAGACGCCCGTACCGG-1,Fibrosis
TAGAGATCATGCAACT-1,
TAGAGTCTAAGCGAAC-1,
TAGCAACCTGTCACAA-1,
TAGCGTTGGGTCTTAC-1,Adenocarcinoma_lepidic
TAGCTAAGTCCGGGAG-1,
TAGGCATGTTACGCCA-1,
TAGGGTGTTTCAAGAG-1,
TAGGTCCAAGTAAGGA-1,
TAGGTGAGCCCTACTC-1,Adenocarcinoma_lepidic
TAGGTTCGAGTTCGTC-1,
TAGTCCGCAGAGAATG-1,Adenocarcinoma_lepidic
TAGTCTAACAACGAGA-1,Adenocarcinoma_lepidic
TAGTCTGTGACGTTGC-1,Fibrosis
TAGTGCCCTCCAGAGT-1,
TATAAGTGAGGATAGC-1,Adenocarcinoma_lepidic
TATAGGGTACTCATGA-1,Adenocarcinoma_lepidic
TATATTACAAATGTCG-1,Non-maligant lung
TATCACCCAACCGACC-1,
TATCGATGATTAAACG-1,
TATCTACAGAGGTAAT-1,
TATCTACCACAGCGGG-1,
TATGAAGACAGGTGCG-1,
TATGCTCCCTACTTAC-1,
TATGGATGTGCTACGC-1,
TATGGCCCGGCCTCGC-1,Adenocarcinoma_lepidic
TATGGGTACGTATCGT-1,
TATGGTCTGAGTAACA-1,
TATGTCAAGACCGACT-1,Adenocarcinoma_lepidic
TATGTCTCATTGTGCC-1,
TATTCAATTCTAATCC-1,
TATTCCTCCGCCCACT-1,Adenocarcinoma_lepidic
TATTTGTTACCCTTTA-1,Adenocarcinoma_lepidic
TCAAACTTAGATTGTT-1,Adenocarcinoma_lepidic
TCAACCATGTTCGGGC-1,Adenocarcinoma_lepidic
TCAACGAGGAGACAAA-1,Adenocarcinoma_lepidic
TCAACGCAGGAAATAA-1,
TCAACGCGACCGGCAG-1,Adenocarcinoma_lepidic
TCACAGGTTATTGGGC-1,Adenocarcinoma_lepidic
TCACATCTTATCTGAT-1,Adenocarcinoma_lepidic
TCACCGCTCGGCACTC-1,Fibrosis
TCACGCATTGTAGATC-1,Adenocarcinoma_lepidic
TCACGGTCATCGCACA-1,Adenocarcinoma_lepidic
TCAGCAAATGCATCTC-1,Fibrosis
TCAGGGCGCAAACTCG-1,
TCAGGGTGTAACGTAA-1,Adenocarcinoma_lepidic
TCAGGTTCTTTGAGAA-1,Adenocarcinoma_lepidic
TCAGTACTGACCCGCG-1,Adenocarcinoma_lepidic
TCATACTTACAGATCC-1,Adenocarcinoma_lepidic
TCCAACTTTAAATTCT-1,Fibrosis
TCCACAATGGTTTACG-1,Adenocarcinoma_lepidic
TCCACTTTATCTAGGT-1,Fibrosis
TCCAGAGCACCGGTTC-1,Adenocarcinoma_lepidic
TCCAGGCGAGTACGGT-1,
TCCCAAAGACGAAGGA-1,
TCCCAGCTTTAGTCTG-1,
TCCCAGGCTTAGCTAA-1,Adenocarcinoma_lepidic
TCCCGCGTACTCCTGG-1,Immune cells_TLS/BALT
TCCCGGGTGTGCTGCT-1,Adenocarcinoma_lepidic
TCCCGTCAGTCCCGCA-1,Adenocarcinoma_lepidic
TCCCTGGCTCGCTGGA-1,Adenocarcinoma_lepidic
TCCGATGACTGAGCTC-1,
TCCGATGGTGCGACAT-1,Adenocarcinoma_lepidic
TCCGATTACATTGCCG-1,
TCCGGAGGAAGGGCTG-1,Non-maligant lung
TCCGGCCTAGCGTACA-1,
TCCGTTTAGCCTTGAA-1,
TCCTAGCAAAGAAGCT-1,Fibrosis
TCCTCGGGCTGGGCTT-1,Adenocarcinoma_lepidic
TCCTCTACGAGATGGC-1,Adenocarcinoma_lepidic
TCCTCTCCAGTTGTCC-1,
TCCTGCGTTGATACTC-1,
TCCTGGCGCTGCCTGG-1,Non-maligant lung
TCCTTTCTTACGCTTA-1,Adenocarcinoma_lepidic
TCGAAATTTAGGACCA-1,Adenocarcinoma_lepidic
TCGAGACCAACACCGT-1,
TCGCCGAAGTTGCGTC-1,Adenocarcinoma_lepidic
TCGCGTCCAGAAGGTC-1,Adenocarcinoma_lepidic
TCGCTCGATATATTCC-1,Adenocarcinoma_lepidic
TCGCTCGGCACCAGCG-1,
TCGCTGGGCGGATTGT-1,Adenocarcinoma_lepidic
TCGCTTTAAACGTTTG-1,Non-maligant lung
TCGGAATGCGCTCTGA-1,
TCGGACGCCCAGCCCA-1,Fibrosis
TCGGAGAGTATCGGGA-1,Adenocarcinoma_lepidic
TCGGAGTACATGAGTA-1,Adenocarcinoma_lepidic
TCGGTGACCGCTCCGG-1,Non-maligant lung
TCGTAAGACGACATTG-1,
TCGTATTACCCATTGC-1,Adenocarcinoma_lepidic
TCGTCACACTGTTAGC-1,Adenocarcinoma_lepidic
TCGTCCGCTGGCGTCT-1,Adenocarcinoma_lepidic
TCGTGTCACGCTGACA-1,Adenocarcinoma_lepidic
TCTACCGTCCACAAGC-1,Immune cells_TLS/BALT
TCTAGCAATCTCCGCC-1,Adenocarcinoma_lepidic
TCTAGCATCTTCGATG-1,Adenocarcinoma_lepidic
TCTAGGTGGCGACGCT-1,
TCTCCAACGTAGGTTA-1,
TCTGAACCGGTCGGCT-1,
TCTGCCAGAAACTGCA-1,
TCTGGGTAGCGCTCAT-1,Adenocarcinoma_lepidic
TCTGTGCCATCATAGT-1,
TCTTACCGGAACTCGT-1,Adenocarcinoma_lepidic
TCTTACGGCATCCGAC-1,
TCTTCGAATAGACGTT-1,Adenocarcinoma_lepidic
TCTTCGATACCAATAA-1,Adenocarcinoma_lepidic
TCTTGATGCGTAGCGA-1,Adenocarcinoma_lepidic
TGAAAGGACCTGACTC-1,
TGACACTTCTCTTTGC-1,Non-maligant lung
TGACCCACGTTAGACA-1,Adenocarcinoma_lepidic
TGACGAATATTTCCCT-1,
TGAGATTAGGCCCTAA-1,Non-maligant lung
TGAGCCATACAGTCTC-1,
TGAGTGCCTCTTAAAT-1,Adenocarcinoma_lepidic
TGAGTGGTCCGTGACG-1,
TGATCAGGGAACTGCT-1,Adenocarcinoma_lepidic
TGATCGGTTTGACCCT-1,
TGATCTCCGGCGCCAG-1,
TGATTCGTCTATCACT-1,Adenocarcinoma_lepidic
TGATTTATTAGCTGTG-1,Adenocarcinoma_lepidic
TGCAAGAATGACGTAA-1,Adenocarcinoma_lepidic
TGCAATTTGGGCACGG-1,Non-maligant lung
TGCACAGTGAAGTTAT-1,Non-maligant lung
TGCAGGATCGGCAAAG-1,Adenocarcinoma_lepidic
TGCATATGTCTGTCAC-1,
TGCATGTGGTAATCTA-1,Fibrosis
TGCGACACCCTAGTGC-1,Adenocarcinoma_lepidic
TGCGAGCCCTTCCGCG-1,Non-maligant lung
TGCGCAAAGCATTTGG-1,Adenocarcinoma_lepidic
TGCGCGATTAACGGAG-1,
TGCGGAGTAAAGGTGC-1,
TGCGTAAGAACCTGAT-1,
TGCGTTTGTTGACACT-1,Adenocarcinoma_lepidic
TGCTGGTTGGACAATT-1,Adenocarcinoma_lepidic
TGCTGTTGAAGAACTC-1,Adenocarcinoma_lepidic
TGGAACCACTGACACA-1,Adenocarcinoma_lepidic
TGGAAGAAGGGAACGT-1,Adenocarcinoma_lepidic
TGGAATATCCTTGACC-1,
TGGAATTAGACGCTTT-1,
TGGACTGTTCGCTCAA-1,Adenocarcinoma_lepidic
TGGAGTGATGCGATGA-1,Adenocarcinoma_lepidic
TGGCAACTCGCGCGCC-1,
TGGCAGATTACGATCA-1,
TGGCCAAACTGAAGTA-1,Adenocarcinoma_lepidic
TGGCCGTATATTGACC-1,Adenocarcinoma_lepidic
TGGGAAATGCCTTTCC-1,
TGGGATGCACTCATTC-1,Non-maligant lung
TGGGTGGGATGTCATT-1,Non-maligant lung
TGGTCTGTTGGGCGTA-1,Adenocarcinoma_lepidic
TGGTGATCGTATTTGT-1,Adenocarcinoma_lepidic
TGGTTCGTAGCAAAGG-1,
TGTAGGAGAAATTTCC-1,Adenocarcinoma_lepidic
TGTAGTGATCTATAAT-1,Adenocarcinoma_lepidic
TGTATAACAGATCCTG-1,Fibrosis
TGTATCAGACTGAAGC-1,
TGTATTTACCTAATGC-1,
TGTCATTTGTTGGGAA-1,
TGTCCTAAGTCACCGC-1,Adenocarcinoma_lepidic
TGTGACTACGCCAGTC-1,
TGTGCTTTACGTAAGA-1,
TGTGGCAAAGCGTATG-1,
TGTGTCGCGAGTTGCA-1,Adenocarcinoma_lepidic
TGTGTTCGTATCCAAG-1,Adenocarcinoma_lepidic
TGTTCCGCTTCCATGA-1,Adenocarcinoma_lepidic
TGTTCTTCCATTGACT-1,
TGTTGTCAAGAAGTCT-1,Fibrosis
TTAAACTCGAATTCAT-1,
TTAACACCTCGAACAT-1,Fibrosis
TTAACTCACGCGTGGA-1,
TTAACTTCAGGTAGGA-1,Adenocarcinoma_lepidic
TTAAGCGCCTGACCCA-1,Adenocarcinoma_lepidic
TTAATGTAGACCAGGT-1,Fibrosis
TTACAACTACGCATCC-1,
TTACAGACCTAAATGA-1,
TTACATCGTGGCCTGG-1,
TTACCATTGATTACCC-1,Adenocarcinoma_lepidic
TTACCCTAACAGTCCT-1,
TTACGGATGGTTCGAG-1,
TTACTCCGGCCGGGAA-1,
TTACTCTGGTACGTAC-1,
TTACTGGGATATTTCA-1,Adenocarcinoma_lepidic
TTAGCAACATGGATGT-1,Adenocarcinoma_lepidic
TTAGCTAATACGATCT-1,Fibrosis
TTAGTAGGGCGGCGGG-1,Adenocarcinoma_lepidic
TTATATACGCTGTCAC-1,Adenocarcinoma_lepidic
TTATATTTGGCAATCC-1,Adenocarcinoma_lepidic
TTATCGCCTGCGAAGC-1,Adenocarcinoma_lepidic
TTATGAATGAAAGGGA-1,
TTATGACAAACTGGAT-1,
TTATGATCTTAACGAA-1,Adenocarcinoma_lepidic
TTATGTTTGCGATAGA-1,Adenocarcinoma_lepidic
TTCAAAGTCTCTAGCC-1,Adenocarcinoma_lepidic
TTCAACGACCCGACCG-1,
TTCAATACTCTGAATC-1,
TTCACGAAAGGATCAC-1,Adenocarcinoma_lepidic
TTCCAATCAGAGCTAG-1,Fibrosis
TTCCATCATGCGGTGA-1,Non-maligant lung
TTCCGCAGAGAAATAT-1,Adenocarcinoma_lepidic
TTCCTCGAGGGTGTCT-1,
TTCGACGGGAAGGGCG-1,Adenocarcinoma_lepidic
TTCGCACTCGCGTGCT-1,Adenocarcinoma_lepidic
TTCGCTATCTGACGTG-1,Adenocarcinoma_lepidic
TTCGGCTAGAGATGGT-1,Adenocarcinoma_lepidic
TTCGGGACTAATCGCG-1,Adenocarcinoma_lepidic
TTCGTACTCCAGAACG-1,Adenocarcinoma_lepidic
TTCGTTCAACGAAGTT-1,Adenocarcinoma_lepidic
TTCTAACCGAAGCTTA-1,Adenocarcinoma_lepidic
TTCTACTTGCGAGGGC-1,
TTCTAGGCCAATTGTG-1,
TTCTGCGGGTTAGCGG-1,Adenocarcinoma_lepidic
TTCTTGAGCCGCGCTA-1,
TTCTTGGAGTAATGAG-1,
TTCTTGTAACCTAATG-1,
TTCTTTGGTCGCGACG-1,Adenocarcinoma_lepidic
TTGAAAGGTGTAAAGG-1,Non-maligant lung
TTGAATATGGACTTTC-1,Adenocarcinoma_lepidic
TTGACATGAACGTGGA-1,Adenocarcinoma_lepidic
TTGACCATGTTCTCCG-1,Fibrosis
TTGACTACCATATGGT-1,Adenocarcinoma_lepidic
TTGAGAGTACTGCTAA-1,Adenocarcinoma_lepidic
TTGATCTAACTTTGTC-1,Adenocarcinoma_lepidic
TTGATGTGTAGTCCCG-1,
TTGATTAGCTGTTTCT-1,
TTGATTATGCAGATGA-1,Adenocarcinoma_lepidic
TTGCACAATTCAGAAA-1,Adenocarcinoma_lepidic
TTGCATGCTGATCACG-1,
TTGCCCTGATCACGGG-1,Adenocarcinoma_lepidic
TTGCGTAGTTTGAGGA-1,
TTGCTCCCATACCGGA-1,
TTGCTGATCATGTTCG-1,
TTGGACATGTGGCTTA-1,Adenocarcinoma_lepidic
TTGGCTCGCATGAGAC-1,Adenocarcinoma_lepidic
TTGGGACACTGCCCGC-1,Immune cells_TLS/BALT
TTGGGCGGCGGTTGCC-1,Fibrosis
TTGTAAGGACCTAAGT-1,Adenocarcinoma_lepidic
TTGTAAGGCCAGTTGG-1,
TTGTGGTAGGAGGGAT-1,
TTGTTAGCAAATTCGA-1,
TTGTTCAGTGTGCTAC-1,
TTGTTGTGTGTCAAGA-1,Fibrosis
TTGTTTCCATACAACT-1,
